,index,0
0,нибыть,369
1,мелировать,1
2,гётеинсесть,1
3,мегапорция,1
4,конвеерный,1
5,интергационный,1
6,testdаf,1
7,бый,1
8,творительность,1
9,нагуголь,1
10,штудиенколлеж,1
11,вюрттемберг,2
12,дсх,5
13,уни,22
14,эссный,4
15,бохума,2
16,дюсселъдорф,1
17,келън,1
18,непафосный,1
19,мдя,3
20,германиния,1
21,профессион,1
22,картинокб,1
23,галочкия,1
24,вариантести,1
25,берухо,3
26,psя,1
27,джорджон,1
28,мантеньиещё,1
29,чить,1
30,конельяно,1
31,зурбаран,1
32,ляйпциго,1
33,придеть,1
34,написатьва,1
35,ский,1
36,совр,1
37,можнок,1
38,эссебыть,1
39,воркшоп,1
40,преподавателязависеть,1
41,ляйпциг,1
42,универститет,1
43,прошут,1
44,личностия,1
45,принятный,1
46,niеderschrift,1
47,missbrauchaть,1
48,vermögensvorteilть,1
49,ausweisoм,1
50,госучереждение,1
51,перерасчитать,1
52,rechtsbelehrungкак,1
53,именность,1
54,угломс,1
55,_не,1
56,давал_,1
57,трехзначный,2
58,иммобилиенскаут,4
59,пообивать,1
60,ващий,6
61,билингвал,2
62,фриланс,8
63,локализационный,1
64,билингвать,3
65,иделай,1
66,майлов,1
67,програмка,2
68,хужий,1
69,традос,2
70,сдл,1
71,отправвить,1
72,пэйлпасть,1
73,озоновский,3
74,роттенбург,2
75,несезон,1
76,хайдельберг,4
77,гармиша,4
78,патенкирхен,1
79,сокружечник,1
80,бюргерамт,9
81,можноизвинить,1
82,фертрага,3
83,фермитер,11
84,сглючил,1
85,ангештельтерин,1
86,регистрирваться,1
87,плюсодин,3
88,встраиваямый,1
89,попрбовать,1
90,ситуевино,2
91,абз,1
92,сcылаться,1
93,сочуствовать,2
94,расскаяние,1
95,поразмышлялличный,1
96,изьятие,2
97,разобъть,2
98,удостовереие,1
99,речть,1
100,антрага,7
101,рехтсбератунгсхилф,1
102,социальщик,7
103,поледний,1
104,погуголь,4
105,студа,2
106,говорщий,1
107,столяк,1
108,монаткать,1
109,панаевать,1
110,огаревый,1
111,панаев,1
112,панаева,1
113,головачёвый,1
114,соот,2
115,полцена,1
116,кст,6
117,дуйсбургка,1
118,скажииитеий,1
119,европахнуть,1
120,елдёр,1
121,привата,6
122,вериятность,1
123,пм,1
124,гуголь,11
125,милонапример,1
126,припейд,4
127,передвигатьсясти,1
128,дрожкек,1
129,бабушкамздесить,1
130,каритас,3
131,дёшева,1
132,алдеть,3
133,лидло,3
134,роллатор,2
135,эбей,2
136,барохнуть,1
137,тележечка,1
138,зотёл,1
139,паребрик,1
140,ебей,6
141,подезда,1
142,зарегиться,3
143,сомома,1
144,доугий,1
145,flugpreisпроблема,1
146,летея,1
147,лоукоста,6
148,навсяк,1
149,ниб,1
150,срочняк,1
151,блииина,1
152,bами,1
153,платьюшка,1
154,штуттгарт,26
155,ффм,2
156,автокресло,5
157,хрипаня,1
158,помаранча,1
159,википедиипо,1
160,погуглита,13
161,принцып,1
162,возрата,1
163,киния,2
164,экпортировать,1
165,эклектричество,1
166,кк,13
167,хотлайна,1
168,непосредстенный,1
169,отсуствие,2
170,раход,1
171,дооворный,1
172,компаниия,2
173,фидбек,1
174,петербуг,1
175,геттинген,3
176,внапрячь,1
177,псхология,1
178,абонимент,6
179,кюндиговать,1
180,собтвенный,1
181,наноробот,1
182,баиваться,1
183,пверить,1
184,страстбург,1
185,ротенбург,2
186,таубер,2
187,вюрцбрг,1
188,итересуета,1
189,зинсхайме,2
190,шпайер,2
191,людвигсбург,1
192,херренберг,1
193,титизея,1
194,фпайбург,1
195,вюртенбург,1
196,вурцбург,1
197,оффенбург,1
198,триберг,1
199,георген,1
200,олегмочь,2
201,германя,2
202,пользованиябояться,1
203,топикстартерить,1
204,октрытый,1
205,ближ,1
206,шенген,57
207,шозабред,1
208,шенеген,1
209,друзьмить,1
210,ребенковы,1
211,приставучие,1
212,пмж,50
213,вообщий,10
214,принцииип,1
215,полиовина,1
216,голландиява,1
217,далем,2
218,прийдутый,1
219,жилконтора,1
220,кварплат,1
221,внж,97
222,безпредметный,1
223,процентность,1
224,закладыаться,1
225,пятисотка,1
226,pressureрезюме,1
227,хёхст,1
228,эшборн,3
229,кронберг,1
230,штайнбах,1
231,бокенхайм,1
232,борнхайма,1
233,вестэнд,1
234,заксенхаузный,1
235,галлусфиртель,1
236,крафтер,1
237,comспасибо,2
238,баальша,1
239,попадос,1
240,гебюр,4
241,дороговастый,1
242,годапотом,1
243,растоможка,1
244,тёж,1
245,призводственный,1
246,телерадиоточка,2
247,эссена,7
248,ruя,1
249,чеж,1
250,чекинить,1
251,дхл,11
252,кстатиспасибо,1
253,таk,2
254,лактраз,1
255,разьяснение,1
256,профигизм,1
257,вракать,1
258,больн,1
259,дохтур,1
260,шпандау,3
261,записичехольчик,1
262,планшетик,2
263,планшентик,1
264,бгагоговейный,1
265,человекочас,2
266,евровый,1
267,инф,30
268,киндло,1
269,евровой,1
270,евровая,1
271,нном,1
272,комрада,1
273,встования,1
274,вербдюд,1
275,личнный,1
276,струкутро,1
277,хаусмайстер,4
278,миттеминдерунг,1
279,фервальтунг,2
280,мieterverein,1
281,поможеттак,1
282,уменшитый,1
283,миндерунг,1
284,мультивиза,9
285,вадаваться,1
286,подзакон,1
287,авиапосылка,1
288,фамилиио,1
289,хауптшуля,2
290,пmж,1
291,одновреmенно,1
292,наоброта,1
293,загран,50
294,минимировать,1
295,хотитта,1
296,забудт,1
297,абх,73
298,офица,3
299,нонкий,4
300,менялисьести,1
301,можноести,1
302,евровсякий,1
303,евроребёнок,1
304,подштутгартие,1
305,удиительный,1
306,thanksмд,1
307,поразводить,1
308,чутьъ,1
309,переехатьъ,1
310,аахена,15
311,автостраховка,2
312,класификация,1
313,размыленный,1
314,слехать,5
315,пупкина,2
316,банхофштрасса,1
317,зарегить,1
318,аllsecure,1
319,нахимичить,1
320,mикра,1
321,зависимсотить,1
322,именнный,1
323,нuk,1
324,колдрекс,5
325,фервекс,1
326,хлорфенинмалеат,1
327,антигистамин,1
328,deтам,1
329,задется,1
330,преперат,1
331,comтам,1
332,цетр,1
333,эйрберлин,8
334,бронирвоание,1
335,тожей,1
336,пендлера,2
337,жоппа,1
338,хмя,1
339,разнокопытный,1
340,пендлер,1
341,чемоданоноситель,1
342,однооппразно,1
343,будущемть,1
344,пысый,2
345,шрёдёр,1
346,мудачество,1
347,быдлосовка,2
348,франкыурт,1
349,имэйл,4
350,подбешивать,1
351,нервозатратный,1
352,ауслендерамт,9
353,влейка,1
354,патеркирхин,1
355,гармиш,2
356,нойшванштайна,7
357,тегернзый,2
358,линдерхоф,6
359,этталь,2
360,обераммергау,2
361,хершинга,1
362,андексмурнаумиттенвальдинтересный,1
363,цугшпитце,1
364,озеры,1
365,людвигаэтталь,1
366,аббатствообераммергау,1
367,люфтльмалярать,1
368,миттенвальд,1
369,скрипокцугшпитце,1
370,подьть,1
371,андекс,3
372,мурнау,1
373,кандинскийя,1
374,кимза,1
375,кенигсз,1
376,берхтесгадный,1
377,вайзкирха,1
378,гармишedited,1
379,фюссный,2
380,кристальтерма,1
381,швангау,1
382,рейгенсбург,1
383,франконский,1
384,ауфзесс,1
385,хоэншвангау,2
386,дапро,1
387,слогать,1
388,обераммагау,1
389,пивоа,1
390,чис,1
391,писом,1
392,наслайсить,1
393,непрятный,2
394,лихарадочный,1
395,пагон,2
396,натариус,3
397,гражадан,1
398,рашка,1
399,конечноа,1
400,нерастоможенный,2
401,этоня,1
402,проживани,1
403,увтс,2
404,комент,3
405,допонимать,1
406,зависила,1
407,мусоросборочный,1
408,хаусфервальтунг,8
409,матрацевладелец,1
410,отгавкиваться,1
411,вспоминть,1
412,мебилировать,1
413,матрасести,1
414,платитьфервальтунг,1
415,матоас,1
416,наоборт,1
417,спреть,1
418,маааленький,2
419,ребенкина,1
420,киндеррайзепасс,2
421,родителявиза,1
422,жебыть,1
423,райзепасс,1
424,вкливаться,1
425,книдерпасс,1
426,киндерпасс,1
427,машунь,1
428,пограничка,1
429,боял,1
430,евроодин,1
431,европеревод,1
432,евросбор,2
433,европрактический,1
434,евроудобный,1
435,айпада,1
436,itheorieдешево,1
437,малореально,1
438,осаго,2
439,жухальство,1
440,должний,1
441,машинёнок,1
442,вмятинк,1
443,годишко,1
444,тиида,1
445,парктроника,1
446,блютус,1
447,пробефарт,1
448,едить,3
449,доставкахвота,1
450,любогоудача,1
451,низковата,1
452,декре,1
453,тюв,1
454,инуть,30
455,цулассунгштелла,1
456,аок,17
457,ткк,8
458,кранкенкасса,4
459,госстраховка,6
460,нуть,3
461,аахен,23
462,ахенский,1
463,принтен,1
464,мск,16
465,униклиника,2
466,пацинуть,1
467,дононрский,1
468,трансплантаий,1
469,квока,1
470,съэконимил,1
471,саланда,2
472,ибей,6
473,дотопать,1
474,deн,1
475,есать,1
476,deвсё,2
477,продуктыbringmeister,1
478,мониториться,1
479,аугсбург,5
480,пропалаять,1
481,capturesт,1
482,уто,2
483,бератер,2
484,нагуглила,5
485,отписатьсяхотя,1
486,саарбрюкен,2
487,райд,1
488,болееуточнение,1
489,ебай,7
490,буклукер,1
491,клаузура,1
492,библитечный,1
493,ксерить,1
494,заказаля,1
495,пэйпэла,1
496,ебэй,1
497,забирания,2
498,еур,6
499,таможю,1
500,высоковероятно,1
501,ограницение,1
502,сшенгенский,1
503,оргвопрос,1
504,универовский,1
505,илингвый,1
506,объява,3
507,deз,1
508,жжистка,1
509,семидюймовый,2
510,ноунейм,1
511,механизьма,2
512,стоевровый,2
513,умееш,1
514,юзабилить,1
515,айпэда,1
516,умераета,1
517,распостраненый,1
518,неподключенный,1
519,медиамаркт,2
520,оберурзель,2
521,хомбург,3
522,садовский,1
523,nое,1
524,предшкольный,2
525,хотяб,2
526,бадхомбург,1
527,прописаный,1
528,взымаяться,3
529,получаний,1
530,заландо,3
531,сновавообще,1
532,последниеда,1
533,майла,1
534,ссоответствие,1
535,днейный,1
536,тягомотинухотаться,1
537,лиманго,1
538,фотграфия,1
539,джаваря,1
540,рефанда,2
541,нагуглиться,2
542,рефанды,1
543,возврахшцать,1
544,треветь,3
545,химио,1
546,ервейский,1
547,deспросить,1
548,вайншенкер,1
549,телекомовскай,2
550,сутраивать,1
551,беамтер,2
552,беамтерство,1
553,беамтереть,2
554,беамт,5
555,мч,2
556,суперсекретный,2
557,лерамт,2
558,рефендариат,1
559,костенплан,1
560,цузац,2
561,оооочий,1
562,ляйстунговый,2
563,примного,3
564,распостранный,2
565,berlinь,1
566,политикаp,1
567,укр,1
568,ахахи,2
569,штеглицо,1
570,разгоаор,1
571,тикета,4
572,админк,1
573,страто,1
574,хетцнера,1
575,хеннет,1
576,аннун,1
577,мфу,2
578,устаканиться,1
579,поедлиться,1
580,таможить,2
581,преочень,2
582,погранпост,1
583,теретически,1
584,заговение,2
585,чесный,1
586,рб,3
587,погран,1
588,заполныть,1
589,мрэо,3
590,растаможить,2
591,постаивть,1
592,друскинкай,1
593,погранец,5
594,гыгыг,1
595,докапаться,1
596,ебук,1
597,мультивизе,2
598,конечновый,1
599,иронизироватьня,1
600,уважть,1
601,модерирование,1
602,каортация,1
603,транслюминальный,1
604,вальвулопластика,1
605,коарктация,1
606,носогубный,1
607,медицинск,2
608,латинск,1
609,оврутский,3
610,dreieckести,1
611,праа,1
612,дхцб,1
613,этувозраст,1
614,ребенкадоктор,1
615,глючат,1
616,дуппереть,1
617,икея,14
618,шуфа,6
619,картатака,1
620,диспо,2
621,диспопо,1
622,гутшайн,8
623,фильт,1
624,волев,1
625,виход,1
626,громадянство,1
627,українить,8
628,громадянин,1
629,який,1
630,відповідный,1
631,законодавство,1
632,постійный,1
633,проживає,1
634,постояннрма,1
635,проставиться,1
636,телодвежение,1
637,сьеть,1
638,еженмесячный,1
639,банкинг,8
640,постбанка,4
641,здсить,1
642,банкат,1
643,наеборота,1
644,оить,1
645,промсвязьбанк,2
646,енотоввтб,1
647,енотовсити,1
648,енотовбанк,1
649,енотовпсб,1
650,енотоврайф,1
651,енотовсбер,1
652,альфть,1
653,эксматрикулировать,4
654,эксматрикуляция,2
655,имматрикулировать,4
656,ориентирваться,1
657,сv,2
658,штеглитц,1
659,жжистовый,3
660,октоберфест,10
661,ужинтри,1
662,виртуалом,1
663,наобщаться,1
664,гденить,1
665,месяцкий,1
666,калабуховский,1
667,калабухов,1
668,швондёр,1
669,прграмм,1
670,виртуала,1
671,викиреальность,1
672,быдлопьянка,1
673,русскоговорить,15
674,дирндлить,1
675,спостит,1
676,франкфутский,1
677,счетить,1
678,коммерцбанк,1
679,мюниха,3
680,жжешный,1
681,сконтачиться,1
682,ешный,1
683,контачить,1
684,придиереться,2
685,ауфентхалт,1
686,визуесть,1
687,ненен,1
688,назат,1
689,финами,1
690,мультишенген,4
691,упд,4
692,незакончиться,1
693,закома,1
694,шенгеном,3
695,чтоть,6
696,порасспрашивать,2
697,гольштайнский,1
698,напокупать,1
699,херсонемль,1
700,предотпускной,1
701,взымаять,1
702,должг,1
703,плогуглить,1
704,комплаенс,1
705,некисло,1
706,гособъект,1
707,башляля,1
708,завдетсад,1
709,передётся,1
710,райникендорф,1
711,девушкаий,1
712,шенеберг,2
713,аугсбургер,1
714,штрасса,1
715,запарковаться,1
716,грундшуля,1
717,увиделана,1
718,музейэтнографический,1
719,возать,1
720,страшнючий,1
721,отвечь,2
722,фергёльст,3
723,днец,1
724,веркштат,1
725,олдтаймер,1
726,военнообязанность,1
727,невоеннообязать,1
728,москвуспасибо,1
729,кошмарик,3
730,пужливыя,1
731,есоя,1
732,немекий,1
733,испарвилы,1
734,какбэ,2
735,биометрческий,1
736,оченьэтый,1
737,кущевский,1
738,гкласть,1
739,всвязь,2
740,кущёвка,1
741,топикстартер,7
742,дисера,1
743,стращвть,1
744,надло,1
745,вк,1
746,емнип,8
747,предидти,1
748,мегасупер,1
749,ргг,1
750,документовед,1
751,фольксхохшуля,2
752,миниум,2
753,перезачёт,1
754,грошить,1
755,шол,1
756,умка,1
757,gorodбилет,1
758,скролить,1
759,врядлить,8
760,тырех,1
761,фериенвонунг,1
762,расстрояние,1
763,астрономичёска,1
764,вианден,1
765,кёлен,12
766,крсивый,1
767,просвиркин,1
768,деятельностть,1
769,отчасление,1
770,дн,2
771,гараздо,1
772,затулинский,1
773,демократизатор,1
774,бестолковка,1
775,медло,1
776,адвакатский,1
777,трехкомнатный,2
778,тобыть,4
779,какиеть,1
780,райноу,1
781,финанцамт,11
782,финасамт,2
783,случайedited,1
784,деклорация,1
785,можчо,1
786,ангнуть,3
787,поопастись,1
788,посдавать,1
789,альдивский,1
790,невполне,1
791,назадзначить,1
792,винужден,1
793,зарлатный,1
794,маё,1
795,бечь,2
796,бератереть,1
797,ферайна,1
798,привысила,1
799,мунстер,1
800,любой_другой_немецкий,1
801,гугул,1
802,опы,1
803,спбгасу,1
804,эпплов,1
805,вэгэ,1
806,мультя,4
807,неиспользовать,1
808,обхяснить,1
809,паспартистка,1
810,____________________________________________________________________________________________друзие,1
811,белорусие,2
812,хохляндия,1
813,накрайняк,1
814,окупитноутбук,1
815,повторноспасибо,1
816,честноочень,1
817,пепревоз,1
818,погуглила,6
819,лицензионность,1
820,деинсталлировать,1
821,таможеннный,1
822,правыспасибо,1
823,материнка,1
824,устаналивать,1
825,спасибоа,1
826,тысячва,1
827,сумкиололошка,1
828,сумак,1
829,кмк,3
830,евроденьга,1
831,гиго,2
832,трафикпротиворечие,1
833,detectedести,1
834,сиделиограничение,1
835,провайдеровабсолютнобыл,1
836,разорилсявсё,1
837,срахования,1
838,страxовний,1
839,страховань,1
840,тебований,1
841,фукушимский,1
842,импортз,1
843,панелестроение,1
844,нобелёвка,1
845,энергоэкономный,1
846,произвоство,1
847,токомаковый,1
848,нейтроннх,1
849,потребителеми,1
850,дойчланда,1
851,kopenhagenпостарайесить,1
852,распечаточка,1
853,надовал,1
854,футболить,1
855,неотъемлима,2
856,консульско,1
857,впоть,1
858,фермитереть,11
859,форсмажор,1
860,гуглита,4
861,кюндигунгфрист,1
862,несчитовый,1
863,дипломанд,1
864,gеsucht,1
865,економный,1
866,опель,6
867,меривамерседес,1
868,економичный,1
869,чёйтый,1
870,бгг,2
871,нетесть,1
872,мильёновый,1
873,чувствукться,1
874,ремонтонепригодный,1
875,асфалтировать,1
876,ашка,1
877,полмашин,1
878,нормочасы,1
879,мерсовский,1
880,ярис,1
881,тойетами,1
882,бэхо,1
883,солярый,1
884,бессмыслить,2
885,рбъём,1
886,опеть,1
887,маюин,1
888,езить,1
889,вмера,1
890,рекоммендовать,1
891,соотноношение,1
892,зарегестрировать,8
893,пофига,11
894,ляяхко,1
895,стоимотя,1
896,наполучать,1
897,автохауз,2
898,регистриривать,1
899,надолгий,1
900,остться,1
901,собириться,1
902,beitragszahlerь,1
903,страховак,1
904,рса,2
905,имправный,1
906,запарожец,1
907,лайена,1
908,eurдоктор,1
909,туд,1
910,нехая,1
911,плотть,1
912,тобеж,1
913,фрилансить,1
914,бафег,4
915,хзначный,1
916,нахцалюнг,1
917,мониторить,2
918,утепленность,1
919,итд,19
920,аы,1
921,рриходить,1
922,heizkostenabrechnungб,1
923,калта,1
924,варммитя,1
925,вервальтунг,2
926,м²,2
927,отпапливаться,1
928,щастие,2
929,оккон,1
930,кипнутым,1
931,сифонить,1
932,миниумум,1
933,зимойиначе,1
934,похолдание,1
935,пейпалый,1
936,самыйбыстрый,1
937,полулевый,1
938,полулегальный,1
939,контачат,1
940,тындекс,1
941,вовконтакте,1
942,недешевый,2
943,музик,1
944,проксить,4
945,вконтакт,3
946,ютуба,2
947,ютьюб,1
948,рапидшэр,1
949,професионал,1
950,работыedited,1
951,райфайзен,1
952,оригенал,1
953,подлиность,1
954,несоврешеннолетний,1
955,супружесовать,1
956,бургкундский,1
957,куплюпить,1
958,подпсчик,1
959,заитересовать,1
960,рекламнoго,1
961,маретинг,1
962,мэить,1
963,советво,1
964,доверенностейв,1
965,нетпоэтому,1
966,ксера,1
967,довера,2
968,дейсвтие,1
969,доверенностиedited,1
970,земельнвть,1
971,присчжный,1
972,переаодчик,1
973,могкт,1
974,нидерзаксэн,1
975,спротить,1
976,упертость,2
977,пятницупытаться,1
978,распостраняться,1
979,гермнаий,1
980,вьезжать,1
981,еу,2
982,обжежитие,1
983,точей,1
984,продолжающиийся,1
985,арендый,1
986,соседкий,1
987,полуторогодовалый,1
988,дебицелла,2
989,хохочат,1
990,шопотом,1
991,разговариватть,1
992,правомощный,1
993,сучай,1
994,рарешать,1
995,подъеда,1
996,пать,2
997,альтеративный,1
998,приезжаетприезжать,1
999,вечеринкувота,1
1000,толерантностьпо,1
1001,другимзаниматься,1
1002,возраса,1
1003,личнть,1
1004,машинкиотмазка,1
1005,писменный,1
1006,звонкау,1
1007,проэтосамиля,1
1008,гыг,1
1009,отбрехиваться,1
1010,берлинеспасибо,1
1011,случаюсоседь,1
1012,югендсамт,1
1013,перtставать,1
1014,четsрех,1
1015,никnый,1
1016,термопаста,1
1017,медиамарктам,1
1018,есличо,1
1019,дарштадт,1
1020,developerждать,1
1021,интервьюуж,1
1022,рабет,1
1023,отличноно,1
1024,фб,1
1025,шестикратное,2
1026,извитнит,1
1027,форумл,1
1028,опаздание,3
1029,пришкандыбать,1
1030,калсс,1
1031,гезамтшуля,4
1032,реальшуля,3
1033,пробэунтеррихта,1
1034,годесть,1
1035,deтолько,2
1036,историямна,1
1037,интеллегентный,1
1038,процессиональный,1
1039,оценкок,1
1040,отличиеприслан,1
1041,пдф,3
1042,нравитсясти,1
1043,сложнонапример,1
1044,плзень,1
1045,архисложно,1
1046,офицальный,1
1047,гугиль,1
1048,отл,1
1049,тестат,1
1050,testь,1
1051,русския,1
1052,всмысл,1
1053,тся,1
1054,ться,1
1055,бэчелара,2
1056,фееричёска,1
1057,штойербератор,1
1058,галарей,1
1059,единоразовый,1
1060,преномер,1
1061,зы,12
1062,пользться,2
1063,низзить,2
1064,персонажамми,1
1065,поборот,1
1066,физ,2
1067,итп,11
1068,бехёрд,3
1069,градана,1
1070,патриотеческий,1
1071,отказнемецкий,1
1072,украинскимправда,1
1073,одын,1
1074,гиморра,1
1075,стоимостиобычно,1
1076,емs,1
1077,мутереть,1
1078,дерфатереть,1
1079,халло,1
1080,чус,1
1081,вючил,1
1082,забеременнить,2
1083,считться,1
1084,колледзех,1
1085,сихпора,1
1086,эсть,1
1087,стора,1
1088,спамить,1
1089,алленсбах,2
1090,русфонд,1
1091,сконпенсировать,1
1092,постреднический,1
1093,исайт,1
1094,кратец,1
1095,свежекупить,1
1096,пирмонт,9
1097,магаза,2
1098,deя,1
1099,назначеный,1
1100,межгородний,1
1101,карпулинг,1
1102,еразвести,1
1103,спасибот,1
1104,ноябряздесить,1
1105,сравниловка,1
1106,сеий,1
1107,сообщественник,1
1108,расстояниипослать,1
1109,словдва,1
1110,православнуюный,1
1111,мусульманеникто,1
1112,западаетд,1
1113,нрв,34
1114,мельцайкинапрод,1
1115,мельцайкинадобрый,1
1116,визойстудент,1
1117,параграфувоссединение,1
1118,происходитпо,1
1119,исходитьправа,1
1120,будетодин,1
1121,воопрос,2
1122,еслибольше,1
1123,воисоедниниться,1
1124,естьный,1
1125,трекинговый,1
1126,инфа,4
1127,отсканнировать,2
1128,повест,1
1129,всяд,1
1130,скоммуниздить,1
1131,некерман,1
1132,хермес,5
1133,анцайга,4
1134,подезд,1
1135,гдеть,4
1136,внутренный,1
1137,какб,2
1138,бамажка,1
1139,оружиий,1
1140,совсех,1
1141,регистирироваться,1
1142,омс,2
1143,фотосумка,1
1144,сочуственный,1
1145,эйберлин,1
1146,дискаунтер,3
1147,естествнный,1
1148,комания,1
1149,пообщали,1
1150,выданый,1
1151,котром,1
1152,потеряшка,1
1153,авиакомпнаий,1
1154,повреднение,1
1155,отпавлена,1
1156,чтою,1
1157,лоднона,1
1158,предолижить,1
1159,туал,1
1160,завересть,1
1161,разход,1
1162,розньмама,1
1163,камент,2
1164,дюссель,7
1165,злорадствие,1
1166,jvaн,1
1167,моралфаг,1
1168,задолбать,2
1169,экспиремент,1
1170,непрокурить,1
1171,родзал,1
1172,хебамма,1
1173,обряскаться,1
1174,рускоязычный,2
1175,существовалиа,1
1176,релокейшн,1
1177,растамаживать,1
1178,прикопаться,1
1179,пересиланний,4
1180,лікарський,1
1181,засобіть,1
1182,міжнародний,4
1183,поштових,4
1184,відправленнь,4
1185,заборонен,1
1186,міністерство,1
1187,охоронить,1
1188,українивід,1
1189,травень,1
1190,митний,4
1191,українистаттить,1
1192,умовить,1
1193,громадян,1
1194,товаріть,5
1195,експрес,3
1196,громадянь,1
1197,мають,1
1198,пересилатить,1
1199,товаря,1
1200,встановленый,1
1201,цьий,1
1202,крім,1
1203,заборонених,2
1204,обмеженний,1
1205,щодый,1
1206,вартості,1
1207,обсягіть,1
1208,такожа,1
1209,перелік,2
1210,встановлюються,1
1211,цим,1
1212,іннуть,1
1213,статтить,1
1214,які,1
1215,можуть,1
1216,віднесені,1
1217,особистих,1
1218,громадяный,1
1219,особистий,1
1220,вважаються,1
1221,лікарські,1
1222,засобь,1
1223,переміщуються,1
1224,пересилаються,1
1225,обсяга,1
1226,визначених,1
1227,кабінет,1
1228,міністріть,1
1229,максибриф,1
1230,_открытый_,1
1231,быол,1
1232,пультя,1
1233,междк,1
1234,знатета,1
1235,страаашнооо,1
1236,тёмкий,1
1237,полуродной,1
1238,рунетик,1
1239,чсв,1
1240,зашкаливать,2
1241,модерие,1
1242,комменировать,1
1243,достойныx,1
1244,не_достойныx,1
1245,паразитовпросто,1
1246,щвейцария,1
1247,бомжевать,1
1248,тунеядцом,1
1249,хорошооооо,1
1250,реторик,1
1251,фхс,1
1252,инересоваться,1
1253,презентирование,1
1254,англйский,1
1255,дидакт,1
1256,двугодичный,1
1257,дорогонедавно,1
1258,конечноно,1
1259,тестдаф,2
1260,интнесивность,1
1261,рабица,1
1262,гуглёж,1
1263,землив,1
1264,nachbarschаftsgesetz,1
1265,землидалее,1
1266,eсобственно,1
1267,спрашивайтеedited,1
1268,электроизгородь,1
1269,разрешениядолжный,1
1270,ойрон,1
1271,референдариат,2
1272,занилася,1
1273,ерфурт,1
1274,ваймар,1
1275,пилатёс,1
1276,гамбуржский,2
1277,пажалст,2
1278,фендома,1
1279,пфорцхайм,7
1280,karlsruheт,1
1281,фитнесса,2
1282,кореной,1
1283,карлсруец,1
1284,вёлка,3
1285,хинта,1
1286,порeкомeндовать,1
1287,франкфуртe,1
1288,навeрно,1
1289,далeковатый,1
1290,аутлёт,2
1291,аутгод,5
1292,усё,1
1293,завистмостить,1
1294,метцинген,1
1295,опачька,1
1296,рурмоннд,1
1297,раттинген,1
1298,эсприт,1
1299,рурмонд,1
1300,возжный,1
1301,ксинга,2
1302,копетан,1
1303,линктина,1
1304,партнерский,3
1305,межгородской,1
1306,фгод,3
1307,еплюс,1
1308,послабш,1
1309,устривать,1
1310,фестнетц,1
1311,звалита,1
1312,надолгокогда,1
1313,трехвообще,1
1314,никогдапый,1
1315,препейд,6
1316,синний,1
1317,фридрихсхафен,1
1318,бафечь,3
1319,инострац,1
1320,вонгельд,1
1321,йошкара,1
1322,ландсхут,1
1323,демпинговать,1
1324,прозванивать,1
1325,ниудь,1
1326,кауциона,8
1327,сьемный,1
1328,хочуспасибо,1
1329,ойров,1
1330,непотратить,1
1331,длиииииться,1
1332,предваритеьый,2
1333,стоиимостить,1
1334,горааааааздо,1
1335,гузчик,1
1336,заявть,1
1337,предварительнный,1
1338,аадвокат,1
1339,невнесенный,1
1340,копиивопрос,1
1341,заявителие,1
1342,диломов,1
1343,посольст,1
1344,нацвиза,1
1345,сразуапостиль,1
1346,всёвый,1
1347,стопища,1
1348,наториальный,1
1349,получ,1
1350,поноятие,1
1351,ооооооочень,1
1352,ьот,1
1353,апосилить,1
1354,приедться,1
1355,яндескогуголь,1
1356,лингвосервис,1
1357,написный,1
1358,емайла,2
1359,приватрецепт,4
1360,автопрокат,1
1361,интереcуют,1
1362,акна,2
1363,гениколог,2
1364,немецкоговорящий,1
1365,штудитикет,1
1366,студак,1
1367,нюртинген,1
1368,студакувота,1
1369,deп,1
1370,яволя,1
1371,перевожито,1
1372,сделайтунг,1
1373,прикрепляйтунг,1
1374,перенаправка,1
1375,котоорм,1
1376,окнчаний,1
1377,чиптикета,1
1378,аирберлин,1
1379,поможетспасибо,1
1380,школамиderdiedas,1
1381,оттензен,1
1382,альтоня,1
1383,примаша,1
1384,турбюро,1
1385,можноспасибо,1
1386,дляпереть,1
1387,занимться,1
1388,учереждение,2
1389,унивеситет,1
1390,обаязательность,1
1391,возмета,1
1392,югенд,1
1393,началтный,1
1394,католическть,1
1395,школуиногда,1
1396,жительствакака,1
1397,выскоквалифицировать,1
1398,запазуха,1
1399,поломник,1
1400,каучсерфинг,1
1401,ахилый,1
1402,ольбия,1
1403,гэлекси,2
1404,рутереть,6
1405,пробoвать,1
1406,пробывать,2
1407,репититор,1
1408,шариться,1
1409,понтовщик,1
1410,рево,1
1411,пошариться,1
1412,пейд,1
1413,дорго,1
1414,залогиниться,2
1415,пятичасовой,1
1416,карштадт,8
1417,кауфхоф,5
1418,карситовый,1
1419,штахуса,1
1420,облеттереть,2
1421,облеттер,1
1422,паззлой,1
1423,околонаучный,2
1424,подъедить,1
1425,томовой,1
1426,растаможивать,1
1427,которогий,1
1428,считывалка,1
1429,стааар,1
1430,линолиум,1
1431,продацов,1
1432,пайпасть,1
1433,терерь,1
1434,пересылкутаможня,1
1435,кельнец,1
1436,митфертрага,2
1437,арбайтсфертрага,1
1438,обсессивный,1
1439,уплаченый,1
1440,значально,1
1441,онимний,1
1442,ттранспорт,1
1443,промышеленость,1
1444,фукушимец,1
1445,спатьнимаг,1
1446,сзмма,1
1447,компнии,1
1448,киловата,1
1449,уплачанный,1
1450,бевербунг,6
1451,золлена,1
1452,ситуаци,1
1453,соьеседовааий,1
1454,конкретер,1
1455,энтшайдер,1
1456,меншлихер,1
1457,шикзэль,1
1458,альс,1
1459,цукюнфтига,1
1460,лонабхэнгиг,1
1461,мёхить,1
1462,виссный,1
1463,михь,1
1464,альза,1
1465,капиталистишер,1
1466,энтшайдунгстрэгер,1
1467,бэрайтс,1
1468,энгерена,1
1469,крайса,1
1470,аусэрвэльтный,1
1471,арбайтссклавный,1
1472,ауфгеноммный,1
1473,хабен,1
1474,выплатався,1
1475,русзна,2
1476,комьюнить,2
1477,формляться,1
1478,соцвыплата,1
1479,озп,1
1480,ситцации,1
1481,пожходить,1
1482,идинтичный,1
1483,полоборот,1
1484,гуглить,8
1485,територий,2
1486,лабуд,1
1487,склеропластика,1
1488,понаблюдаться,1
1489,двоичность,1
1490,негарантия,1
1491,городапро,1
1492,тэг,6
1493,возхохотамша,1
1494,сцукий,2
1495,петросять,1
1496,пожарка,1
1497,вынуждный,2
1498,продленка,1
1499,тихонька,1
1500,сортироваться,2
1501,приятея,1
1502,бардачокс,1
1503,багажаобращаться,1
1504,вохенендетикет,1
1505,байерна,2
1506,ангебот,3
1507,спецфотка,1
1508,турвиза,8
1509,пусся,1
1510,райот,1
1511,собеседоваться,1
1512,правлять,1
1513,воскр,2
1514,люфганза,1
1515,момондо,1
1516,джерманвингс,1
1517,киндерплатц,2
1518,распиарить,1
1519,российск,1
1520,соответсвенный,2
1521,беспорно,1
1522,россиянский,1
1523,аффтор,1
1524,травматизация,1
1525,невозможнон,1
1526,полсольство,1
1527,ваганыч,1
1528,голово,1
1529,усаженый,1
1530,ёто,3
1531,внутреный,1
1532,хаусмастер,5
1533,огороженый,1
1534,коврать,1
1535,потрясывать,1
1536,вытряхивание,2
1537,договореести,1
1538,спасибр,1
1539,историейкарл,1
1540,пустъ,1
1541,шёнеберг,2
1542,кройцберг,1
1543,гостинка,1
1544,спасибоп,1
1545,ойий,2
1546,аага,1
1547,включаять,1
1548,прокупивать,1
1549,гшкольник,1
1550,интересненький,1
1551,митеры,1
1552,несправедливостьдажа,1
1553,рециоциптионист,1
1554,нуууа,1
1555,попытиться,1
1556,разнва,1
1557,резюм,1
1558,болеий,1
1559,хонорарбазис,1
1560,ригия,1
1561,сканало,1
1562,рассылание,1
1563,сотнямидокторантура,1
1564,эразмуса,2
1565,всежа,2
1566,списование,1
1567,наверерный,1
1568,фрайберуфлер,1
1569,регестрировиться,1
1570,фрайберуфлёр,1
1571,регестрироваться,1
1572,гевербеамт,1
1573,расстаять,1
1574,тратуарам,1
1575,кайзераллея,1
1576,маннхайме,3
1577,зиген,1
1578,райёнчик,1
1579,посыпють,1
1580,срута,2
1581,листодув,1
1582,хлях,1
1583,цереза,1
1584,пусттырь,1
1585,messeзаезд,1
1586,завтракзаплатить,1
1587,люббенау,1
1588,шпреевальд,1
1589,райнсберг,1
1590,остзея,1
1591,insuranceправильный,1
1592,нномер,1
1593,cardsozialversicherungsnachweisий,1
1594,увольнялсятак,1
1595,эйчар,2
1596,очередьpension,1
1597,зубник,1
1598,шумноватый,2
1599,стоматологdr,1
1600,ахенсковать,1
1601,ахен,3
1602,свать,1
1603,отобъться,1
1604,замороченно,1
1605,заморок,1
1606,вывичивать,1
1607,отцаполиция,1
1608,электронабор,1
1609,сма,1
1610,поледствие,1
1611,югендамт,2
1612,агаaa,1
1613,отсутвие,1
1614,счиtать,1
1615,погорячилсяпо,1
1616,кратосрочный,1
1617,отвечаютень,1
1618,выданаособенно,1
1619,национальныe,1
1620,дошлоести,1
1621,сноубордический,1
1622,штун,1
1623,термо,1
1624,ранво,1
1625,сноубордный,1
1626,сноубордер,1
1627,занедорого,1
1628,кудама,1
1629,юпиэс,1
1630,вокресение,1
1631,подьеда,1
1632,порабовать,1
1633,мебелировать,4
1634,срокнасколько,1
1635,предстовление,1
1636,переездомлюбый,1
1637,принимаються,1
1638,комна,1
1639,наврятлить,1
1640,шикарнаять,1
1641,нагуглить,2
1642,сколькостоить,1
1643,эить,1
1644,экспатовский,4
1645,подробныть,1
1646,вашeть,1
1647,жeный,1
1648,пeрeвод,1
1649,исключeние,2
1650,изралeтянин,1
1651,ираиль,1
1652,гeрманиeь,1
1653,соглашeниe,1
1654,пeнсионный,1
1655,мeдeцинский,1
1656,особeнность,1
1657,пeрeздe,1
1658,попробуйтe,1
1659,работадатeль,1
1660,отeль,1
1661,врeмить,1
1662,предпологала,1
1663,стаховка,1
1664,мёбель,1
1665,шпермюль,3
1666,ответвенный,1
1667,рассказжевать,1
1668,приносити,1
1669,налоговя,1
1670,бориться,1
1671,помщник,1
1672,фрилэнсер,1
1673,ставаться,1
1674,погуглив,1
1675,чипировать,1
1676,какгриться,1
1677,ониискать,1
1678,вкёлен,1
1679,покасказать,1
1680,оперепост,1
1681,естькто,1
1682,илиздесь,1
1683,ащепрямой,1
1684,эрдгешос,1
1685,ворочить,1
1686,насрало,1
1687,хулюгана,1
1688,фенщовать,1
1689,феры,1
1690,пиздюля,1
1691,лутон,1
1692,пограничница,1
1693,манагер,1
1694,есь,1
1695,пиарить,1
1696,шьереть,1
1697,побьерь,1
1698,цетэф,1
1699,зряплат,1
1700,оффер,1
1701,китайскоязычный,1
1702,обуютить,1
1703,даймлера,1
1704,значаение,1
1705,нюрнбергекросспост,1
1706,pochkoздравствовать,1
1707,фиточай,1
1708,aптекаха,1
1709,несклько,1
1710,обряскать,2
1711,давный,5
1712,оформаться,1
1713,эххха,1
1714,дисполимит,1
1715,контоаусцуг,1
1716,сидючить,1
1717,контобевегунг,1
1718,собсссный,1
1719,недостачуперевести,1
1720,шпаркасса,7
1721,балансанууууууууууууууууууа,1
1722,выключеный,1
1723,интерeсный,1
1724,терагерцевый,1
1725,металлодетекторомсодержить,1
1726,пролактиновый,1
1727,штудгарт,1
1728,неучебный,1
1729,чумодан,1
1730,стимостить,1
1731,евросова,1
1732,понтовыя,1
1733,раскупята,1
1734,евр,2
1735,оснабрюк,1
1736,вестфалий,3
1737,сдачейд,1
1738,мифь,1
1739,оценак,1
1740,довалить,1
1741,культус,1
1742,министериум,1
1743,блау,7
1744,югозапад,1
1745,нафотографировать,1
1746,сведуть,1
1747,гемания,2
1748,штада,1
1749,работаюший,1
1750,постоплата,1
1751,мв,1
1752,хертцестуденческий,1
1753,датаместь,1
1754,ксистый,1
1755,перевозчёска,1
1756,куланца,1
1757,плак,2
1758,платитить,1
1759,ансбах,1
1760,погуглитерусский,1
1761,фюрт,2
1762,бохум,3
1763,магистрировать,1
1764,субьективный,1
1765,глючить,2
1766,шеврол,5
1767,гтц,3
1768,essenвота,1
1769,миксмаркт,1
1770,автохаус,7
1771,поконтролировать,1
1772,калиперы,1
1773,илитный,1
1774,тормозуха,1
1775,эсссена,1
1776,приемлить,2
1777,поддержкa,1
1778,качесто,1
1779,удибить,1
1780,ргб,1
1781,колибровка,1
1782,уменить,1
1783,файлик,2
1784,адобергб,1
1785,сайтау,1
1786,котровать,1
1787,размна,1
1788,качествомещ,1
1789,евроцент,1
1790,едрен,1
1791,покрывата,1
1792,desimyoдешевле,1
1793,козлячий,1
1794,euroалдеть,1
1795,симьо,4
1796,альдь,6
1797,круглосутчный,1
1798,звоник,1
1799,центовинтернуть,1
1800,симио,1
1801,пасный,1
1802,овира,4
1803,квиточек,2
1804,занимательня,1
1805,дить,2
1806,ауфентхальтститель,3
1807,о_о,4
1808,маленькмить,1
1809,маннхайма,3
1810,кваритереть,1
1811,спасибосой,2
1812,сложноа,1
1813,людвигсхафена,1
1814,мангеймский,1
1815,турковы,3
1816,зачистляться,1
1817,гемморройный,1
1818,правдаа,1
1819,активконто,1
1820,эелектрон,1
1821,обыный,1
1822,дойчебанковский,1
1823,банкомвся,1
1824,знаетеостаться,1
1825,естьещё,1
1826,оперативненький,1
1827,минимализировать,1
1828,навыбирать,1
1829,проплатить,3
1830,пысмо,1
1831,deм,1
1832,автохауза,2
1833,офицалов,1
1834,потестиль,1
1835,борохлита,1
1836,инджектор,1
1837,разруливаться,1
1838,гебрахтвагенгарантить,1
1839,почитплый,1
1840,небыть,4
1841,согласяться,2
1842,шмонали,1
1843,ынтеллигент,1
1844,баларуся,1
1845,беларусама,1
1846,обязаельный,1
1847,марштур,1
1848,белорусс,1
1849,бусик,1
1850,маленъкий,1
1851,арбайтсамт,10
1852,евроджобной,1
1853,продленке,2
1854,разие,1
1855,неподключать,1
1856,нотебук,4
1857,видеовход,1
1858,тырнуть,2
1859,хаваета,1
1860,соотво,8
1861,меморить,2
1862,харддиск,1
1863,значёт,1
1864,лэптопеа,1
1865,вобщий,11
1866,кач,2
1867,скарта,1
1868,юсб,1
1869,знакий,1
1870,фичь,1
1871,троллить,1
1872,купицца,1
1873,соображание,1
1874,хемниц,1
1875,хемница,1
1876,резвешивать,1
1877,мужеложец,1
1878,обратитесся,1
1879,лохотронский,1
1880,dvdмелочь,1
1881,трансформера,1
1882,машинокпопкорн,1
1883,хехех,1
1884,маршмелло,2
1885,отверточка,2
1886,ничччё,1
1887,томник,2
1888,подаритьвыбрасывать,1
1889,девятитомник,1
1890,самовывоз,5
1891,гуглшопинг,2
1892,deцена,1
1893,спасибоp,1
1894,турстраховка,1
1895,макслимум,1
1896,хердекка,12
1897,виттен,3
1898,дюссельдорфеп,1
1899,тожеticket,1
1900,цузатцтикет,1
1901,давсё,1
1902,автоматахэтый,1
1903,пжлст,1
1904,выбиоърать,1
1905,аватарка,2
1906,информэйшн,1
1907,тикетс,1
1908,расить,1
1909,ннесколько,1
1910,тарифай,1
1911,мегасчёт,1
1912,непользование,1
1913,апд,2
1914,mobileть,1
1915,mobileэтый,1
1916,безлимит,4
1917,ессный,1
1918,препейдовый,1
1919,препейинг,1
1920,неактивностиный,1
1921,отключениямтота,1
1922,дебитело,1
1923,счетукогда,1
1924,центовзвонка,1
1925,привлекательныепрь,1
1926,использоватьupd,1
1927,указыватьадрес,1
1928,загранпоездка,1
1929,интернациональнть,1
1930,роумингпонятие,1
1931,возможость,1
1932,регистроваться,1
1933,интеалем,1
1934,эккаунт,1
1935,токльо,1
1936,щаряд,1
1937,акумулятор,1
1938,cgспасибо,1
1939,фестнетс,1
1940,ищю,1
1941,анбитер,1
1942,интернетанбитер,1
1943,компютереть,1
1944,бетамакс,1
1945,категори,1
1946,соседнегоо,1
1947,калсруэ,1
1948,дещевле,1
1949,мдяять,1
1950,гархинга,1
1951,мюхен,1
1952,городм,1
1953,зайвка,1
1954,дзвонить,1
1955,часнтный,1
1956,дорогый,1
1957,джоколонель,1
1958,джокэрнеть,1
1959,джоedited,1
1960,кэрнела,1
1961,кёнл,2
1962,подкрышный,1
1963,одноподьездный,1
1964,домаоставлять,1
1965,пространстваподробность,1
1966,личкупредложение,1
1967,поинтересуйтеь,1
1968,предлагть,1
1969,прибутед,1
1970,упаковный,1
1971,ландратсамт,2
1972,делёала,1
1973,заверенность,1
1974,дяченко,4
1975,прюс,1
1976,пересылкивсё,1
1977,аккуртный,1
1978,писеть,1
1979,флибуста,2
1980,наё,1
1981,ауслэндербехёрд,1
1982,фикционсбешайнигунг,1
1983,последстввие,1
1984,наушитель,1
1985,двухчассовой,1
1986,нрушать,1
1987,адрессать,1
1988,уыедомление,1
1989,обилечивание,1
1990,штаф,2
1991,вследующий,1
1992,владельцть,1
1993,подний,1
1994,оплачить,1
1995,безлимиткать,1
1996,домоправление,2
1997,имть,1
1998,поавсить,1
1999,жалюзя,1
2000,геноссеншафт,1
2001,занимат,1
2002,коротнуть,1
2003,хартнакшуля,2
2004,корс,3
2005,гуть,5
2006,дюсельдорф,1
2007,шпрахенателье,1
2008,хартнак,1
2009,нузать,1
2010,хаусарцт,1
2011,разправда,1
2012,противозачаточныеобычный,1
2013,аптекe,1
2014,тирхайма,3
2015,хессенский,2
2016,хессный,1
2017,кликабельный,1
2018,ruтег,1
2019,шефей,1
2020,_ваша_,1
2021,вмешиваюсьапд,1
2022,кошь,1
2023,вкармливать,1
2024,студенстка,1
2025,игручить,1
2026,дефабиржировать,1
2027,скозный,1
2028,полосокотмечаться,1
2029,долуж,1
2030,блондинко,1
2031,васschwob,1
2032,компостироваться,1
2033,компосторование,1
2034,юберлинген,1
2035,хевить,1
2036,виппена,1
2037,хедбенген,1
2038,послыко,1
2039,соседямedited,1
2040,заказев,1
2041,унтершрайбный,1
2042,естьнуть,1
2043,соцотчисление,1
2044,безработит,1
2045,обычногода,1
2046,работодателюприч,1
2047,законава,1
2048,алг,2
2049,сдатьва,1
2050,берлинp,1
2051,ремона,2
2052,проармировать,1
2053,некачество,1
2054,акупунктурный,1
2055,акупунтура,1
2056,kонкретный,1
2057,хивить,2
2058,стардартный,1
2059,селективка,1
2060,ру_д,1
2061,хауптваха,1
2062,напростить,1
2063,ссылить,2
2064,шопиться,1
2065,тэгам,2
2066,удаститься,3
2067,verpflichtungserklärungсобственный,1
2068,привествоваться,1
2069,зарплатаverpflichtungserklärung,1
2070,человекаперечислять,1
2071,ддомохозяйство,1
2072,бецальт,1
2073,юбервайзунг,4
2074,штапм,1
2075,фамилие,1
2076,варинат,1
2077,платц,1
2078,юбервайзенга,1
2079,московоск,1
2080,доверенностьсовет,1
2081,дойчебанка,1
2082,комерцбанк,1
2083,комерец,2
2084,дойчебанк,1
2085,принцрегентенплатц,1
2086,коммерец,1
2087,анулироваться,1
2088,референс,1
2089,ситации,1
2090,вьеда,1
2091,убалтывать,1
2092,собедование,1
2093,эксматрикулироваться,3
2094,беларуский,3
2095,коневоз,1
2096,животногозабыть,1
2097,прыгание,1
2098,вытрясания,1
2099,доствалить,1
2100,можный,1
2101,контакть,1
2102,цієї,1
2103,фірмить,1
2104,дипломпривет,1
2105,пятибальный,1
2106,оооочень,2
2107,студенчсёкий,1
2108,симестр,1
2109,бештетигунг,1
2110,докторанд,4
2111,научник,3
2112,диссера,6
2113,комантный,1
2114,сооооовсем,1
2115,узуальность,1
2116,прочиток,1
2117,schrankдорогий,1
2118,куррорт,1
2119,отвлечся,1
2120,заснитце,1
2121,узедом,4
2122,вписание,2
2123,мейль,1
2124,негражданин,1
2125,вылицца,1
2126,исхитряцца,1
2127,малореальный,1
2128,женын,1
2129,milena_tuсобакаmail,1
2130,контить,3
2131,озможный,1
2132,знаетеу,1
2133,райзепас,2
2134,прекрасноа,1
2135,обязательноно,1
2136,особоа,1
2137,вшенген,1
2138,лучшебыть,1
2139,нормальныеесть,1
2140,бдить,2
2141,отлучкипро,1
2142,лукавогопс,1
2143,селект,1
2144,сначжало,1
2145,нихта,2
2146,муттереть,1
2147,фенстер,1
2148,косульство,1
2149,приглашет,1
2150,всполнить,1
2151,полученить,1
2152,парадонтоз,5
2153,антогонист,1
2154,леченение,2
2155,повырывать,1
2156,кранкен,1
2157,праксися,1
2158,футболеть,1
2159,госкасса,2
2160,госкас,1
2161,эхххха,1
2162,парадантоз,1
2163,тутнужный,1
2164,вещискорый,1
2165,советстка,1
2166,_обязать_,1
2167,совокупност,1
2168,букфф,1
2169,врачихо,1
2170,процессема,1
2171,всex,1
2172,открестность,1
2173,снаблила,1
2174,ободить,1
2175,предствление,1
2176,старховка,2
2177,немекцай,1
2178,цуласунг,1
2179,предться,1
2180,пригашение,1
2181,поросить,1
2182,внжнасчёт,1
2183,трэвеле,1
2184,вопоса,1
2185,соответсвуть,2
2186,факсовыя,1
2187,полугодичный,1
2188,фрилансерский,1
2189,обс,1
2190,мегасознательный,1
2191,окрытый,1
2192,рабут,1
2193,плаить,1
2194,разб,1
2195,очередиужасный,1
2196,арбейтсамт,2
2197,карайня,1
2198,паспрота,1
2199,лоттерей,1
2200,соих,1
2201,приперательство,1
2202,сожеление,3
2203,начальстый,1
2204,охохонюшка,1
2205,опытнеделя,1
2206,спрашивалифотография,1
2207,примутитак,1
2208,доготовить,1
2209,помятуй,1
2210,брррррррра,1
2211,неоплёванная,1
2212,штандезамт,1
2213,штандесамтомапостиль,1
2214,пож,1
2215,билефельд,13
2216,цюри,1
2217,автостраховщик,1
2218,стаховщик,1
2219,специфичёска,1
2220,авн,2
2221,дооолгий,1
2222,эээхо,1
2223,грозяться,1
2224,докажешить,1
2225,фулёд,5
2226,проэтаха,1
2227,хохшуля,1
2228,бизнесса,2
2229,рейтгу,1
2230,инжинерный,1
2231,привля,1
2232,леттак,1
2233,ебизнес,1
2234,фх,3
2235,лучшеести,1
2236,предстваляться,1
2237,кульпа,1
2238,хиха,1
2239,воно,1
2240,здф,1
2241,догосрочный,1
2242,анохронизм,1
2243,пмжшник,1
2244,мызык,1
2245,пислай,1
2246,пофигвызвать,1
2247,сосседнём,1
2248,слышас,1
2249,вермитер,1
2250,последуюш,1
2251,охап,1
2252,дружелюбныпопросить,1
2253,ушлиный,1
2254,угомонилвообще,1
2255,уменьщить,1
2256,кородора,1
2257,децибелла,1
2258,предупрежение,1
2259,отказывиться,1
2260,назадзатый,1
2261,нотар,4
2262,заврать,1
2263,ландсгерихта,1
2264,апистиль,1
2265,биоинформатический,1
2266,барчик,2
2267,определяеться,1
2268,побласть,1
2269,есессный,1
2270,аусландербехорер,2
2271,каммент,1
2272,ауслендербехёрд,2
2273,аусландебехёрд,3
2274,бумажкулучш,1
2275,консультатция,1
2276,коментарий,2
2277,полумиллионник,1
2278,старовиться,1
2279,обьяснива,1
2280,дополнительня,1
2281,конвера,1
2282,суммуполучатель,1
2283,продатут,1
2284,аотправитель,1
2285,итернуть,1
2286,internetmarkeсамый,1
2287,служаещий,1
2288,самастоятельный,1
2289,добавлювый,1
2290,ситуациейный,1
2291,кудаадрес,1
2292,недоклеить,1
2293,сентов,1
2294,повышаетед,1
2295,вызываета,1
2296,взглядособенно,1
2297,утрамс,1
2298,ахена,5
2299,спотвестственный,1
2300,будтe,1
2301,выписыватиться,1
2302,перепрописываться,1
2303,пребыванiть,1
2304,бужака,1
2305,веркштудент,1
2306,хостеловый,1
2307,нй,4
2308,клм,1
2309,nycещё,1
2310,визовщик,1
2311,чтой,1
2312,переписаться,1
2313,былародитель,1
2314,часапотому,1
2315,простоменить,1
2316,аргументивовать,1
2317,адъ,2
2318,постдок,1
2319,недостаточноность,1
2320,позникнуть,1
2321,прпвильно,1
2322,достаточкен,1
2323,заитересуета,1
2324,минимома,1
2325,флудить,1
2326,шестизначный,3
2327,проапдейтить,1
2328,мюнхентк,1
2329,нехоромы,1
2330,волеизъявляться,1
2331,мидовский,1
2332,двадцадка,1
2333,дауэрпаркплатц,1
2334,кбанкир,1
2335,неработать,1
2336,клиентамиобращаться,1
2337,менявполне,1
2338,стоитмерседес,1
2339,цюрихей,1
2340,быгыгы,1
2341,зжий,3
2342,грн,2
2343,_бизнес,1
2344,визы_,1
2345,безпроблемный,1
2346,догонка,1
2347,одиня,1
2348,шайбочка,1
2349,выдеть,1
2350,постбанк,1
2351,мюнчен,1
2352,тыщщуа,1
2353,спсб,6
2354,почть,1
2355,гуглиться,2
2356,кальтмить,1
2357,митферайна,4
2358,грундшульд,2
2359,грундшульда,1
2360,грундбух,1
2361,реестрекредит,1
2362,давнопросто,1
2363,провизион,1
2364,пологаться,1
2365,долгомудача,1
2366,планирем,1
2367,росстояние,1
2368,басель,1
2369,диджон,1
2370,автбана,1
2371,воъезда,1
2372,вьезда,1
2373,швейцарсик,1
2374,ориганальный,1
2375,съекономить,2
2376,съеэкономить,1
2377,аннести,1
2378,сестриер,1
2379,росий,2
2380,подготовтесь,1
2381,нагрузочка,1
2382,неспешить,1
2383,вмж,2
2384,адац,2
2385,германщина,1
2386,бф,1
2387,арендодательница,1
2388,смсило,1
2389,интернетить,1
2390,имейлов,1
2391,симокнуть,1
2392,злощастный,1
2393,baseть,1
2394,симйо,1
2395,имgegründet,1
2396,плюсовский,1
2397,определениюный,1
2398,метабисульфит,3
2399,опу,1
2400,всеаммиак,1
2401,внагрузка,1
2402,baseплохой,1
2403,дешивизна,1
2404,ипотом,1
2405,секурвать,3
2406,энвивас,1
2407,секурвита,1
2408,секурвит,2
2409,пологай,2
2410,стоматологичский,1
2411,повысть,1
2412,аусландкранкенферсихерунг,1
2413,турстрана,1
2414,фракфурт,1
2415,явкопароль,1
2416,дописаший,1
2417,виэ,1
2418,высплывать,1
2419,забанить,4
2420,динозавтра,1
2421,здрассить,1
2422,унутереть,1
2423,пакштацион,2
2424,почтуa,1
2425,поможетуж,1
2426,догоняюзакончить,1
2427,нетнуть,1
2428,щиковы,1
2429,аахенсобственно,1
2430,антирекомендация,2
2431,но_ненужный,2
2432,фломаркт,5
2433,антирекомендациидоговориться,1
2434,малелький,1
2435,звинить,1
2436,рибить,1
2437,дауля,1
2438,небюджетный,1
2439,переездчик,1
2440,перезжаета,1
2441,парковь,1
2442,приклейшик,1
2443,подавануть,1
2444,подзакрутить,1
2445,пересылание,1
2446,слышить,1
2447,аппликант,1
2448,экспат,1
2449,работадатель,4
2450,недлей,1
2451,хотямна,1
2452,интревить,1
2453,изготаливать,1
2454,ообъявление,1
2455,еат,6
2456,понмя,1
2457,перекодироваться,1
2458,грайфсвалд,1
2459,особождаться,1
2460,хламкина,1
2461,огнеопаснооркестр,1
2462,крефелёд,5
2463,развиртуализироваться,1
2464,васисдас,4
2465,сервинга,1
2466,трэп,1
2467,нибудьedited,1
2468,орфогафия,1
2469,забиня,1
2470,тфоп,1
2471,роутереть,14
2472,fritzий,1
2473,присоединяюся,1
2474,воип,1
2475,сипгейт,1
2476,аппаратнуть,1
2477,фритец,1
2478,скайпофон,1
2479,использут,1
2480,рутиться,1
2481,говоля,1
2482,коммьюнить,2
2483,осеб,1
2484,задержда,1
2485,заинтересовата,1
2486,присать,1
2487,отвеченный,1
2488,бевербург,1
2489,анмельдоваться,1
2490,челентать,1
2491,ххсм,1
2492,гести,1
2493,шестиместный,3
2494,разноформатный,1
2495,подробненький,1
2496,мелатонина,1
2497,бекпекер,1
2498,дойчебана,1
2499,офферы,1
2500,изиджет,1
2501,паспотрт,1
2502,офрмление,1
2503,диппочта,2
2504,соответстввовать,2
2505,готвность,1
2506,небыстро,1
2507,консультво,1
2508,неизвестнод,1
2509,риторически,1
2510,ортодонта,1
2511,окресность,3
2512,хильдесхайм,1
2513,хильдесхаймский,1
2514,билефельдский,1
2515,зельбсштендиг,1
2516,докозательство,1
2517,бабнуть,3
2518,соцстрахование,2
2519,заплатный,1
2520,франциирассказать,1
2521,медстрахование,2
2522,медкасса,1
2523,препядствие,1
2524,осталять,1
2525,обслуживаниезараный,1
2526,опираясьный,1
2527,кесарить,1
2528,психологиески,1
2529,хебама,3
2530,хочетс,1
2531,двой,1
2532,рожатый,1
2533,праксисова,1
2534,вольнывыбрать,1
2535,котоий,1
2536,унемецкий,1
2537,россиия,1
2538,белегхебамма,1
2539,развеивани,1
2540,педиатор,1
2541,невип,1
2542,новороженный,1
2543,очухиваться,1
2544,аллеса,1
2545,хартснакшуля,1
2546,разговорe,1
2547,eслить,1
2548,внутро,1
2549,доохотиться,1
2550,титель,1
2551,галлоп,1
2552,посмореть,1
2553,съехдить,1
2554,нтервалом,2
2555,смартфонх,1
2556,мовный,1
2557,рискнемс,1
2558,спасибоedited,1
2559,бритцер,1
2560,гартен,2
2561,гертен,1
2562,марцана,1
2563,тирпарк,1
2564,сансусить,1
2565,вопросыписать,1
2566,карлсруя,4
2567,нужнить,1
2568,фп,2
2569,потверждение,2
2570,imhoный,1
2571,ребенкомнасколько,1
2572,_не_,1
2573,бэбиситтер,1
2574,месяцакром,1
2575,переодичность,1
2576,неприйти,1
2577,рукий,1
2578,кундигунг,1
2579,поматериться,1
2580,куланец,1
2581,катуся,3
2582,разбиереться,1
2583,журнализд,2
2584,мелконаписать,2
2585,спортстудия,1
2586,пободаться,1
2587,полштука,1
2588,поперетягиватт,1
2589,гратис,1
2590,унфербиндлих,1
2591,кулянц,1
2592,зондеркюндигунг,1
2593,мимими,1
2594,штудентверк,1
2595,семестер,1
2596,меёл,1
2597,цвишнмитэ,1
2598,нейтить,1
2599,черыр,1
2600,тренажёрка,1
2601,малонаселить,1
2602,соответвенный,3
2603,обычноимя,1
2604,городимь,1
2605,получателяулица,1
2606,доминдекс,1
2607,вдь,1
2608,окончателнуа,1
2609,профучилище,1
2610,научка,1
2611,икеевский,2
2612,годорф,1
2613,кёлна,1
2614,рсмд,3
2615,родинанарод,1
2616,возвращенец,3
2617,руководителейинициатор,1
2618,бергнер,2
2619,беспроблемность,1
2620,сornu,1
2621,делсогласно,1
2622,бенек,1
2623,германиипереселенец,1
2624,нурла,1
2625,нововозвращенец,1
2626,нереботаять,1
2627,джобцентр,1
2628,здесьcohen,1
2629,хс,1
2630,ссыл,2
2631,сссрнередкий,1
2632,прожектистский,1
2633,убийственнный,1
2634,ахренеть,1
2635,тольео,1
2636,репатриаци,1
2637,узбексие,1
2638,повыманивать,1
2639,перечипуют,1
2640,частозадавать,1
2641,частодавать,1
2642,саарланда,1
2643,причж,1
2644,фахшафт,1
2645,вообш,3
2646,гецтаповец,1
2647,оричин,1
2648,госканал,1
2649,суперонемечить,1
2650,хомячук,1
2651,друзейный,1
2652,либрусека,1
2653,netискаться,1
2654,продатие,1
2655,дакинуть,1
2656,янсный,1
2657,онлайнмагазин,1
2658,ruный,1
2659,испугуспасибо,1
2660,ибэя,2
2661,нервяк,1
2662,ограничеваться,1
2663,интерпритация,1
2664,полгодия,1
2665,двухгодовой,1
2666,покажутписать,1
2667,студвиза,1
2668,попродавать,1
2669,этси,1
2670,нужнобезналоговый,1
2671,годести,1
2672,большаяиля,1
2673,прочаялучш,1
2674,шсерсть,1
2675,кунстлера,1
2676,геверба,2
2677,небенгеверба,1
2678,итси,1
2679,обьемный,1
2680,вetriebskosten,1
2681,обостоятельство,1
2682,спрок,1
2683,наприсылать,1
2684,гранмерси,1
2685,дохрен,2
2686,пасения,1
2687,катоместь,1
2688,куфштайна,1
2689,эстониибилет,1
2690,июный,1
2691,иннсбрук,8
2692,австриибилет,1
2693,турциибилет,1
2694,наесать,1
2695,интересyть,1
2696,неий,1
2697,написатъ,1
2698,рассторгать,1
2699,распечатнный,1
2700,невозмоожный,1
2701,волонтариат,1
2702,безкорыстно,1
2703,зулассунг,2
2704,задумаваться,1
2705,полутаться,1
2706,цулассунг,1
2707,неееееетмень,1
2708,сглючить,1
2709,вьезд,1
2710,беларусый,1
2711,пачпорт,1
2712,жожный,1
2713,незнать,1
2714,спраживать,1
2715,совдепий,1
2716,секонда,1
2717,бирочко,1
2718,выберая,1
2719,турецкоподдать,1
2720,альтенхайм,1
2721,шиномонтажка,1
2722,беруш,1
2723,любыx,1
2724,мастерскиx,1
2725,начинаетс,1
2726,глаcил,1
2727,dедь,1
2728,безопасноть,1
2729,пястяк,1
2730,счатие,1
2731,пришпандоривание,1
2732,скольо,1
2733,классичёкий,1
2734,чиновничок,1
2735,компьтерный,1
2736,хватета,1
2737,шестинедельный,1
2738,брюссельсиха,1
2739,бессмысслейный,1
2740,остородный,1
2741,букаф,1
2742,упорядочевать,1
2743,дениться,1
2744,огранизованный,1
2745,матрикуляция,1
2746,матрикулироваться,1
2747,фиктьонсбешайнингунг,1
2748,потерятьименный,1
2749,гемайнд,1
2750,даада,1
2751,нимфенбург,1
2752,лееле,1
2753,мозах,1
2754,полудохлый,1
2755,мэйнстримов,1
2756,поступланий,1
2757,онлаин,1
2758,ххххххха,1
2759,опеределиться,1
2760,предмат,1
2761,теудата,1
2762,зеут,1
2763,удост,1
2764,вьехать,2
2765,регистарция,1
2766,гемморно,1
2767,агентсова,1
2768,ещо,1
2769,ютюб,1
2770,щасье,1
2771,огнелиса,1
2772,proxtubeшкольник,1
2773,рутуба,1
2774,приципа,1
2775,просёл,1
2776,кацапстан,1
2777,малят,1
2778,_необходимо_,1
2779,инстранный,1
2780,нафий,1
2781,психдиспансер,1
2782,бзео,1
2783,гемора,1
2784,расталковать,1
2785,резиденство,2
2786,зачееть,1
2787,береборщить,1
2788,плошадь,2
2789,ратхаус,9
2790,анмлельдунг,1
2791,абмельдунг,1
2792,анмельдиться,1
2793,абмельдить,1
2794,месяцевпомочь,1
2795,абмельдиться,1
2796,оревуармарк,1
2797,агаещё,1
2798,гец,1
2799,ахзый,1
2800,семестрбайтрага,1
2801,кюндигунгсбештейтигунг,1
2802,мелдештелла,1
2803,митфильтрага,2
2804,мелдебешайнигунг,1
2805,вебшоп,2
2806,допзаработок,1
2807,полставка,2
2808,работета,1
2809,штоербератер,1
2810,присалали,1
2811,юнитимедиа,2
2812,сокрай,1
2813,вназад,1
2814,жжитель,1
2815,германиипожалуйст,1
2816,просветтить,1
2817,связьтребоваться,1
2818,интернетомвопрос,1
2819,месяцевзараный,1
2820,препейдпакет,1
2821,онисан,1
2822,нужныть,1
2823,адресникакикий,1
2824,месяцз,1
2825,евробез,1
2826,договораиль,1
2827,альдиталк,1
2828,турецкть,1
2829,купленый,1
2830,тродело,1
2831,данныепрь,1
2832,фсема,1
2833,пожный,1
2834,кудато,1
2835,разберуцца,1
2836,украиль,1
2837,встроёный,1
2838,дилэкстрить,1
2839,неоправдать,1
2840,интереть,2
2841,традицонный,1
2842,загуглить,1
2843,бератунг,2
2844,шоколадензать,1
2845,тасскатя,1
2846,беларусие,2
2847,coacheм,1
2848,системотехник,1
2849,тестировщик,1
2850,нотус,1
2851,финансцамт,1
2852,зельбстштендиг,1
2853,ндфл,3
2854,гезетцлиха,1
2855,штоербератор,2
2856,нахожения,1
2857,шоколадочка,1
2858,comбыть,1
2859,mюнхен,1
2860,апендицит,1
2861,зменилось,1
2862,лежаий,1
2863,комментить,1
2864,штапмовать,1
2865,видершпруха,3
2866,сутяжиться,1
2867,взыать,1
2868,евроести,1
2869,удасцца,1
2870,указнный,1
2871,гавный,2
2872,квассифицироваться,1
2873,eurкг,2
2874,догалдаться,1
2875,бендёр,1
2876,ребенкапосмотреть,1
2877,промощь,1
2878,хинт,1
2879,объетив,1
2880,техподготовка,1
2881,возложиться,1
2882,толька,1
2883,воэтом,1
2884,запрсом,1
2885,нарушесть,1
2886,фартенбухнуть,1
2887,лутша,1
2888,защитаять,1
2889,нарушиний,1
2890,низха,1
2891,прилажить,1
2892,шраф,1
2893,цулассунгсшайн,1
2894,видеорегистратор,4
2895,безвоздмездный,1
2896,бюракратия,1
2897,ауслендебехёрд,1
2898,орднунгсвидригкайт,1
2899,посоветоватьва,1
2900,тюбининга,1
2901,мейк,1
2902,срочныйт,1
2903,надежнееу,1
2904,тфомс,1
2905,блдьница,1
2906,элетронный,1
2907,форматить,1
2908,рековерь,2
2909,партиция,2
2910,отформатить,1
2911,вайповать,1
2912,изичёска,1
2913,волковкоммандер,1
2914,загружатесь,1
2915,скаченый,1
2916,ушерб,1
2917,подстаховка,1
2918,молчек,1
2919,трэд,1
2920,пров,1
2921,нихрен,1
2922,рфпребывание,1
2923,годаземля,1
2924,годаопыт,1
2925,германиизадача,1
2926,правитак,1
2927,граждание,1
2928,озабититься,1
2929,экзаменитый,1
2930,евроотбирать,1
2931,докапывания,1
2932,готовлииться,1
2933,ландштрасса,2
2934,феркерсамт,2
2935,шпаера,1
2936,амтаха,1
2937,грайфсвальд,1
2938,фаршуля,2
2939,ткатывать,1
2940,окзаться,1
2941,полициста,1
2942,пустятстранный,1
2943,теорюзанятие,1
2944,преекресток,1
2945,кальт,1
2946,овечаять,1
2947,олата,1
2948,причидать,1
2949,пердунуть,1
2950,съемщикмногий,1
2951,иммобилиен,1
2952,коорый,1
2953,иммобилиенкауфманн,1
2954,отъебит,1
2955,кключ,1
2956,квартирыть,1
2957,отакэ,1
2958,неоднократтный,1
2959,подобый,1
2960,адкокатский,1
2961,полсужить,1
2962,обращатесь,1
2963,teufelн,1
2964,пересылкаспасибо,1
2965,путанница,1
2966,пунт,1
2967,акциия,1
2968,жмотиться,1
2969,пожалусйт,1
2970,сдесить,1
2971,гражденство,1
2972,оказывамый,1
2973,благодарендный,1
2974,любопытсвый,1
2975,хкомнатный,1
2976,максмимум,1
2977,ухоженый,1
2978,нойкельн,1
2979,маркт,1
2980,надон,1
2981,эплстор,2
2982,писюк,1
2983,стотыщмилионный,1
2984,охранникесть,1
2985,простоймочь,1
2986,делаютный,1
2987,тлетний,1
2988,яполуение,1
2989,аусвайсаа,1
2990,переселенецо,1
2991,требованийнужный,1
2992,неположеный,1
2993,консульствай,1
2994,безиркамт,1
2995,аdас,1
2996,фотостудия,1
2997,контрафакт,1
2998,штатовский,1
2999,привышеат,1
3000,вевро,1
3001,покупк,1
3002,взымиться,1
3003,щуть,1
3004,превышеат,1
3005,емс,1
3006,задрежать,1
3007,юро,2
3008,высыслаяться,1
3009,фишкаждать,1
3010,днино,1
3011,поузнавать,1
3012,menschкто,1
3013,слонder,1
3014,гугление,2
3015,альтэлефант,1
3016,прямобивневый,1
3017,бытьedited,1
3018,шде,1
3019,каждойкомнат,1
3020,сэндвичница,1
3021,инернет,1
3022,бггга,1
3023,терафить,1
3024,агалогово,1
3025,болетулять,1
3026,люфтваффа,1
3027,mожный,1
3028,прилетаеметь,1
3029,вывескунадеяться,1
3030,заруливайте,1
3031,розенхайм,2
3032,авариия,1
3033,продажибыль,1
3034,кауффертрага,1
3035,оговореный,1
3036,ланжерон,1
3037,говорлить,1
3038,присланый,1
3039,понтореза,1
3040,потраченый,1
3041,обренуться,1
3042,авокат,1
3043,конретный,1
3044,дойтчланда,1
3045,граммотный,2
3046,транслиция,1
3047,либ,1
3048,траслитерация,1
3049,нотриус,1
3050,нотарисус,1
3051,непродление,1
3052,дуден,1
3053,eurребята,1
3054,ситуция,1
3055,агб,3
3056,гдеточно,1
3057,оформяться,1
3058,шарлоттенбург,2
3059,цоологишер,1
3060,приличноe,1
3061,зёмпотенциальный,1
3062,нормоднако,1
3063,дасобственно,1
3064,десоциализациипс,1
3065,арбайтный,1
3066,перетензия,1
3067,витаминок,1
3068,зоо,1
3069,крысовод,2
3070,крысый,1
3071,крысик,1
3072,книгапересылка,1
3073,коэльо,5
3074,проданодэн,2
3075,проданож,1
3076,песчанный,1
3077,проданога,3
3078,проданогенри,1
3079,проданолюдмила,1
3080,проданосомерсет,1
3081,проданостендалить,1
3082,проданоджоанн,1
3083,проданокристофер,2
3084,проданомарк,2
3085,твено,2
3086,продановый,1
3087,дэллоуэй,2
3088,варгаснуть,1
3089,льоса,2
3090,ригоберто,1
3091,проданокристиан,2
3092,крахт,2
3093,фазерланда,2
3094,проданосидень,2
3095,проданоандрей,1
3096,проданоиван,1
3097,проданолазарь,1
3098,хотабыча,3
3099,мобь,2
3100,далекова,2
3101,пэйпалый,1
3102,постить,1
3103,утруждайсесить,1
3104,разьяснять,1
3105,швеюостаться,1
3106,организоватьмочь,1
3107,нюрнбеерг,1
3108,платюшко,1
3109,пиииииия,1
3110,хамлом,1
3111,метсный,2
3112,разъяснтельный,2
3113,европейск,1
3114,воощ,1
3115,школотый,1
3116,принмать,1
3117,акселерат,1
3118,шкодничество,1
3119,поддавться,1
3120,бббббаааааааббббуууушшшшшкааааааа,1
3121,зазырил,1
3122,зарегилася,1
3123,туллом,1
3124,рутрекер,1
3125,озвучка,1
3126,лазердиск,1
3127,стримминг,1
3128,ауслендеамт,1
3129,чтожий,1
3130,картинко,1
3131,свотчий,1
3132,свотч,1
3133,эльфен,1
3134,якомментарий,1
3135,езе,1
3136,ауслэндерамт,1
3137,есс,1
3138,германния,1
3139,спроить,1
3140,ыиза,1
3141,можито,2
3142,цветуёчик,1
3143,полноцвета,1
3144,такм,1
3145,корель,1
3146,диалэкстрим,1
3147,дотворкдмитрия,1
3148,татуаж,1
3149,недотаточно,1
3150,пасаран,1
3151,карйния,1
3152,офигель,2
3153,паспорь,1
3154,проипать,1
3155,швейцарить,1
3156,лекарстрво,1
3157,пернахнама,1
3158,шверйцарский,1
3159,специальностьва,1
3160,заочко,2
3161,незашоренный,1
3162,огигинальный,1
3163,пичалить,1
3164,девелоперо,1
3165,быдлокодер,1
3166,инстит,1
3167,африканско,1
3168,арабско,1
3169,фотобраслет,1
3170,идеяиля,1
3171,спросапый,1
3172,приблуд,2
3173,гебюра,2
3174,банкоматеглавный,1
3175,стилеivan,1
3176,амазоном,1
3177,хермесом,1
3178,свисса,2
3179,почтальный,1
3180,чтба,1
3181,ахринеть,1
3182,битьибо,1
3183,_о,1
3184,ужесточиться,2
3185,огтслеживание,2
3186,поспорт,1
3187,выбиратькогда,1
3188,соттветствие,1
3189,опредения,1
3190,природекакий,1
3191,никогде,1
3192,госудасртва,1
3193,гражданствоон,1
3194,хочетта,1
3195,именноот,1
3196,негоём,1
3197,оножеразрешение,1
3198,рождениючитать,1
3199,пишитеерунд,1
3200,гражданствапривести,1
3201,немцёкий,2
3202,оснвования,1
3203,напсиаль,1
3204,небред,1
3205,укоторыходинроитель,1
3206,рфи,1
3207,вконсульство,1
3208,деньпо,1
3209,намесяц,1
3210,кстатипо,1
3211,родителяу,1
3212,былодлить,1
3213,приобетение,1
3214,ребенкомгражданство,1
3215,рфный,2
3216,имеюийся,1
3217,двагражадснвт,1
3218,основани,1
3219,приведеннойниже,1
3220,россйиский,1
3221,имеести,1
3222,прибретенный,1
3223,парво,1
3224,граждантво,1
3225,гражданствай,1
3226,российскоемногий,1
3227,россйский,1
3228,получаеть,1
3229,немецкогоа,1
3230,германие,1
3231,рассматрвиать,1
3232,своихгражданин,1
3233,федерациит,1
3234,жее,1
3235,объяснилиплевать,1
3236,министёрстый,1
3237,аребёнок,1
3238,анемецкий,1
3239,немецйкий,1
3240,отобратьроссийский,1
3241,чтотребовать,1
3242,паспортp,1
3243,турецуий,1
3244,немеский,1
3245,фигуа,1
3246,прогнулосьэтота,1
3247,понравилсян,1
3248,мааааленький,2
3249,кайзерса,1
3250,сразубутерброд,1
3251,мюслиригель,1
3252,кауфланда,1
3253,баумшуля,1
3254,свежеиспаченный,1
3255,сионисткий,1
3256,побол,1
3257,любтельница,1
3258,собаковладелица,1
3259,черезчура,1
3260,полумопс,2
3261,возращийся,1
3262,тяжкко,1
3263,трудяццо,1
3264,диктафон,1
3265,ссобака,1
3266,обращайя,1
3267,phpнапример,1
3268,третихий,1
3269,куросм,1
3270,акссесуар,1
3271,магащина,1
3272,товаровзаранееспасибо,1
3273,собаченция,1
3274,вообщеть,1
3275,ктоть,1
3276,застразованый,1
3277,адвокарда,2
3278,происxодить,1
3279,разбиратеьство,1
3280,прьфунг,2
3281,ангегебенить,1
3282,счаденсфаллс,1
3283,ерфолга,1
3284,адвоцард,1
3285,грундсдтзлич,1
3286,кеиня,1
3287,ерфолгсауссичесть,1
3288,совсрешенно,1
3289,адвоатский,1
3290,сраховка,1
3291,подтверить,1
3292,взаимоотношеnие,1
3293,зомовладелец,1
3294,сообаку,1
3295,субъективой,1
3296,доказанно,1
3297,выский,1
3298,живонтый,1
3299,которть,1
3300,свйазать,1
3301,коипетенция,1
3302,опрометчево,1
3303,пристебаться,1
3304,дсп,2
3305,тутить,1
3306,улыбнуть,2
3307,глююююпый,1
3308,дебильность,1
3309,дообработать,1
3310,ибэй,1
3311,декатлоно,1
3312,моджный,1
3313,оччень,1
3314,загуголь,1
3315,веломагазинчик,1
3316,интерспорт,1
3317,оборчиваться,1
3318,энерции,1
3319,первие,1
3320,гостинница,2
3321,повикипедить,1
3322,пропадають,1
3323,вчеран,1
3324,записипредварительный,1
3325,жеможный,1
3326,живаться,1
3327,дожена,1
3328,таткина,1
3329,факть,1
3330,утести,1
3331,фик,1
3332,собство,1
3333,разуести,1
3334,летнийь,1
3335,чухнуться,1
3336,весрия,1
3337,оплатиить,1
3338,обычн,1
3339,карткий,1
3340,кенигсберг,1
3341,русофо,1
3342,кличко,1
3343,идиотофобия,1
3344,гиссена,1
3345,уваедомление,1
3346,жаловщик,1
3347,письменноить,1
3348,карлючка,1
3349,отслеживаниять,1
3350,воторогий,1
3351,агество,1
3352,гайер,1
3353,научитьс,1
3354,гроссхадёрн,1
3355,штольберг,2
3356,целиакий,1
3357,колоскопия,1
3358,вклчюий,1
3359,эпплый,1
3360,сслыко,1
3361,дазваниваться,1
3362,генконсул,1
3363,просроченность,1
3364,консульстванеделить,1
3365,меерсбург,1
3366,мегаспасибо,1
3367,ледянющий,1
3368,бодензея,1
3369,асклепий,1
3370,гмес,1
3371,развивалка,1
3372,эйрбас,1
3373,айрбас,1
3374,дитцелить,1
3375,ооий,1
3376,альстер,1
3377,хафен,1
3378,рассписать,1
3379,дюссельдофр,1
3380,ящег,1
3381,откривать,1
3382,ктлограммовый,1
3383,айгоу,1
3384,смсейчас,1
3385,глянуться,1
3386,сц,1
3387,шку,1
3388,городкай,1
3389,ситройня,1
3390,ксара,1
3391,блутюф,1
3392,подкастовый,1
3393,темпомат,1
3394,угуmaxibrief,1
3395,авиасобственно,1
3396,ролять,1
3397,авиопотать,1
3398,дохота,1
3399,томба,1
3400,фотодокументация,1
3401,партенкирхен,1
3402,оберамергау,1
3403,вышеобозначить,1
3404,ашаффенбург,1
3405,ценыуж,1
3406,ингольштат,1
3407,мэйнтауер,1
3408,поисследовать,1
3409,раштатта,1
3410,заедтие,1
3411,фельдкирха,1
3412,аппаратамент,1
3413,гостинный,1
3414,научнотехнический,1
3415,берхкирхвать,1
3416,биргартен,1
3417,герцогенаур,1
3418,герцо,2
3419,дасслера,1
3420,шеффлера,3
3421,авотмобиль,1
3422,научий,1
3423,россиюй,1
3424,меканье,1
3425,ментовка,1
3426,арбайтсгебер,1
3427,стеренький,1
3428,незумно,1
3429,траховка,1
3430,воссоедниняться,1
3431,гораааздо,1
3432,бывшый,1
3433,унлегаль,1
3434,гумманитарный,1
3435,ежесезонный,1
3436,тыщкм,1
3437,всесезонка,3
3438,впринцип,2
3439,дубеть,1
3440,бензита,1
3441,еврами,1
3442,геомания,1
3443,турпутёвка,2
3444,девушкуести,1
3445,хитрован,1
3446,охренель,2
3447,контаркт,1
3448,гдажданство,1
3449,гуглила,2
3450,ивиняться,1
3451,присовение,1
3452,посмотритет,1
3453,сайтик,1
3454,тамозжить,1
3455,взымали,2
3456,растамаживаться,1
3457,цолльамт,1
3458,баксовыя,1
3459,покаызвать,1
3460,прогуглить,1
3461,нагуглили,1
3462,лецт,1
3463,манунг,7
3464,рещаться,1
3465,кроссовочек,1
3466,лазилка,1
3467,кеттелерхоф,3
3468,зигбург,2
3469,спсисок,1
3470,зачекинилисказать,1
3471,консульствечто,1
3472,прилетуименный,1
3473,проблемпросто,1
3474,емуя,1
3475,bizчеловек,1
3476,грмания,1
3477,компьютермай,1
3478,каий,1
3479,платитьнасмешить,1
3480,физлицо,1
3481,днеь,1
3482,швецария,1
3483,bernиметь,1
3484,germanyразница,1
3485,часовпланировать,1
3486,russiaтый,1
3487,недобство,1
3488,шторногебюра,1
3489,понарезать,1
3490,офигесть,2
3491,раздолбайство,4
3492,пользовиться,1
3493,фильдерштат,1
3494,майхаммер,1
3495,лялякать,1
3496,предолжение,1
3497,коррекнтный,1
3498,ламборждинить,1
3499,ламборджинить,1
3500,финансамт,4
3501,grundsicherungэтый,1
3502,холивар,2
3503,бытро,1
3504,агрумент,1
3505,томтом,8
3506,навигон,5
3507,нафигашка,1
3508,отвекать,1
3509,чессный,1
3510,роутинг,1
3511,потдержка,1
3512,приобретиния,1
3513,незакомплексованный,1
3514,хакатуся,1
3515,суперэлитный,1
3516,позавчераа,1
3517,чурекский,5
3518,четверный,1
3519,шаражка,1
3520,укуренной,1
3521,ппригрозить,1
3522,хаусордунг,1
3523,некоректность,1
3524,этинический,1
3525,махалай,1
3526,хаусорднунг,3
3527,комуть,1
3528,отдха,1
3529,многичисленный,1
3530,иснструкция,1
3531,интеранциональный,1
3532,четветереть,1
3533,ищё,1
3534,хочучтоба,1
3535,однушко,1
3536,харбург,2
3537,гамбурка,1
3538,нетрадиционал,1
3539,каляска,1
3540,наипсать,1
3541,хелп,1
3542,переседкий,1
3543,оподый,13
3544,спустяу,1
3545,оперции,1
3546,европереть,2
3547,резервирунге,1
3548,добровльный,1
3549,этоом,1
3550,ородый,1
3551,шторнировать,1
3552,хаймверкерский,1
3553,гипсокартонать,1
3554,хандверкер,1
3555,вепред,1
3556,повесиь,1
3557,ёти,1
3558,мельдебешайнигунг,2
3559,поотвечать,1
3560,косян,1
3561,лювиг,1
3562,откликнетсяпомочь,1
3563,серьёзнобыть,1
3564,подозрениярозыск,1
3565,млжный,1
3566,дейтсвие,1
3567,разеток,1
3568,централна,1
3569,палтим,1
3570,хайсфервальтунг,1
3571,тратат,1
3572,таааакий,1
3573,чистишея,1
3574,детектед,1
3575,аусландамт,1
3576,аннулироать,1
3577,срана,1
3578,финановое,1
3579,слюшать,1
3580,аdsl,1
3581,раутереть,1
3582,сетейg,1
3583,всехфизически,1
3584,евроединственный,1
3585,обьть,2
3586,перечислишьпс,1
3587,воооооот,1
3588,непоздно,1
3589,пианиноличный,1
3590,приходилпосоветовать,1
3591,такаять,1
3592,музыкий,1
3593,нелюбивый,1
3594,ойный,1
3595,компромиссан,1
3596,стучаний,1
3597,воэможный,1
3598,восснанавливаться,1
3599,сверхвежливый,1
3600,инстумент,1
3601,дурнина,1
3602,определенныйизакон,1
3603,пошуршать,1
3604,государственнлма,1
3605,супермощный,1
3606,уникальнный,1
3607,дорогов,1
3608,лчно,1
3609,сложноватый,1
3610,фритцбокс,1
3611,фритзбокс,1
3612,юзабелен,1
3613,ранешнея,1
3614,пользованый,1
3615,бодума,1
3616,кайфовыя,1
3617,штут,2
3618,нать,1
3619,затык,1
3620,интeллигентный,1
3621,супермаркт,1
3622,электромусор,1
3623,рюдесхайм,8
3624,асманхаузен,1
3625,бахара,3
3626,обервезель,1
3627,апрелязараный,1
3628,бахараха,4
3629,драхенбург,7
3630,новодеть,1
3631,марксбург,1
3632,винарни,1
3633,зинциг,1
3634,кауба,2
3635,музейчик,1
3636,супеееееееееерррра,1
3637,дааааа,1
3638,кохема,1
3639,коти_сова,1
3640,очччччччень,1
3641,ассманхаузный,1
3642,нихьт,1
3643,ферштейный,1
3644,ауслендер,1
3645,закономик,1
3646,хернить,1
3647,привась,3
3648,шифрованый,1
3649,гуглый,1
3650,растрелять,1
3651,препейдный,1
3652,ессена,1
3653,ищуаудиоурок,1
3654,комьпьютер,1
3655,дойчебановский,2
3656,возьмать,1
3657,ценик,1
3658,суперподробный,1
3659,кулантность,1
3660,кидаловый,2
3661,жаловиться,1
3662,романтичесго,1
3663,чз,1
3664,интерсный,1
3665,душезахватывать,1
3666,кофорт,1
3667,ландшатф,1
3668,котить,1
3669,отправть,1
3670,сметрный,1
3671,остбанхоф,1
3672,маастрихта,1
3673,юлихо,15
3674,айфель,1
3675,лоурсберг,1
3676,фелиала,1
3677,ахеном,1
3678,автоскаут,1
3679,пинаний,1
3680,разведуть,1
3681,фаххохшуля,1
3682,консулаинтересный,1
3683,досросный,1
3684,восркесение,1
3685,пичалька,2
3686,маргарат,1
3687,deесенин,1
3688,хреновочто,1
3689,руцон,1
3690,рождественско,1
3691,рюк,1
3692,предствитя,1
3693,виндоуз,2
3694,проверать,1
3695,неттоп,1
3696,юзать,2
3697,никать,1
3698,потрятить,1
3699,законопослушание,1
3700,жительствопонятный,1
3701,европано,1
3702,лоукостов,1
3703,_внж_,1
3704,мугута,1
3705,ооооочень,1
3706,тиматик,1
3707,дложно,1
3708,ссулка,1
3709,лекторат,2
3710,отакот,1
3711,успести,1
3712,прух,1
3713,ублюдской,1
3714,гольм,1
3715,конткретный,1
3716,осузествлять,1
3717,немуидти,1
3718,простоить,1
3719,пукнт,1
3720,будетнепонятный,1
3721,получитсяповиснуть,1
3722,нужнысоветовать,1
3723,счётто,1
3724,интересон,1
3725,алкашка,1
3726,позволениячто,1
3727,оттобрать,1
3728,зоргерехт,1
3729,умгангсрехт,1
3730,шёлковымести,1
3731,славнос,1
3732,смелочто,1
3733,ребёнкаэтый,1
3734,праваха,1
3735,hужный,1
3736,посоучаствовать,1
3737,нва,1
3738,некооперативность,1
3739,надозаставить,1
3740,заставитеэтый,1
3741,нечестноэтый,1
3742,подоваться,1
3743,ребёнкоми,1
3744,незатюкать,1
3745,матьпо,1
3746,летэтый,1
3747,случайва,1
3748,общемто,1
3749,заклченный,1
3750,пирня,1
3751,живвута,1
3752,таможенница,1
3753,ымама,1
3754,мультишенгеном,1
3755,сувалить,1
3756,избираетльный,1
3757,утрец,2
3758,мжный,1
3759,коснульство,1
3760,ролльный,1
3761,кельтомания,1
3762,дартширский,1
3763,франсуазиг,1
3764,серъёзный,1
3765,фолкома,1
3766,млина,1
3767,брл,3
3768,контактик,1
3769,преточно,1
3770,фёрстый,1
3771,düsseldorfтеть,1
3772,лоукост,1
3773,серьйёзный,1
3774,цалунгсциль,1
3775,внутрение,1
3776,ёвр,1
3777,подверждение,3
3778,манбешайд,1
3779,фольштрекунг,1
3780,внутрянять,1
3781,запрашивалай,1
3782,ваставлять,1
3783,прогядели,1
3784,зказ,1
3785,модалитет,1
3786,рспечатывать,1
3787,бешайд,1
3788,исполнителюн,1
3789,несерьёзтность,1
3790,киндергельд,1
3791,ответстенность,1
3792,смейный,1
3793,мнойинтересный,1
3794,бьдюжетный,1
3795,постраться,1
3796,частнотить,1
3797,мейсоновский,1
3798,дисциплинированнность,1
3799,впол,1
3800,координровать,1
3801,превсё,1
3802,деньбыть,2
3803,времень,1
3804,увольниться,1
3805,ауслендербехерд,4
3806,датря,1
3807,предотплата,1
3808,спортсекция,1
3809,инетерсовать,1
3810,вникание,1
3811,отчетство,3
3812,анкетка,2
3813,отчетсв,1
3814,родителяд,1
3815,интеренсый,1
3816,нетчто,1
3817,майорк,2
3818,глобаный,1
3819,способин,1
3820,резорт,1
3821,рекомандация,1
3822,лазнить,1
3823,умеютитог,1
3824,поэтомуза,1
3825,нужноа,1
3826,паспортгда,1
3827,гостиницеслышать,1
3828,зачипован,1
3829,пеерсекать,1
3830,сажаютво,1
3831,визапросто,1
3832,называютя,1
3833,относитесьести,1
3834,мефисто,1
3835,крабат,1
3836,бойхлера,1
3837,цукмайер,1
3838,фаустус,1
3839,майринк,1
3840,гег,1
3841,берлинар,1
3842,сокуровский,2
3843,нахалява,1
3844,уние,1
3845,ассистый,4
3846,апостилировать,1
3847,работодаль,1
3848,поухмыляться,1
3849,димплом,1
3850,физр,1
3851,пофигизм,4
3852,заранний,1
3853,пофигляндия,1
3854,ундёр,1
3855,фанатский,1
3856,обязательствить,1
3857,отсуствтие,1
3858,цайтарбайт,1
3859,цайтарбать,1
3860,превыхать,1
3861,штудиен,1
3862,штудиенколлега,1
3863,толькоодин,1
3864,ответсейчас,1
3865,терминазавтра,1
3866,гугльчат,1
3867,дермотолог,3
3868,возмитя,1
3869,электроколонка,2
3870,перераскать,1
3871,счеткик,1
3872,иести,1
3873,самимиля,1
3874,изванна,1
3875,ывсеегда,1
3876,пллощадить,1
3877,всег,1
3878,гдровский,1
3879,сетчик,1
3880,тампотом,1
3881,домть,1
3882,разномуно,1
3883,комментариюести,1
3884,бодробный,1
3885,еслма,1
3886,предоставий,1
3887,анабиня,1
3888,госвуз,1
3889,лицезиант,1
3890,европас,1
3891,лебенслауф,1
3892,описановота,1
3893,всеот,1
3894,сателлитка,1
3895,антеннуedited,1
3896,унайтимедия,1
3897,кабелбть,2
3898,цыфря,1
3899,двб,1
3900,проверот,1
3901,цыфровый,1
3902,альпачиный,1
3903,паразил,1
3904,посмортреть,1
3905,здоровский,1
3906,нойсс,1
3907,непонравиться,1
3908,бецирксамт,1
3909,решиный,1
3910,fotoshootingчто,1
3911,разногабаритный,1
3912,местокий,1
3913,условияхкак,1
3914,нраваиться,1
3915,сенябрь,1
3916,присмотель,1
3917,фотографировиться,1
3918,груповать,1
3919,переодиваниен,1
3920,бекстейж,1
3921,знакомo,1
3922,желаюший,2
3923,касать,1
3924,мероприятние,1
3925,перепостите,1
3926,удовольстть,1
3927,устраиваетхоть,1
3928,фигас,1
3929,о_o,1
3930,сюттерлин,2
3931,залипух,1
3932,письемнный,1
3933,тонмна,1
3934,выдаютразва,1
3935,сдеть,1
3936,понимайт,1
3937,законовпоменять,1
3938,паспрт,1
3939,правоустанавливать,2
3940,всго,1
3941,мэтый,1
3942,людим,1
3943,законадо,1
3944,сожалениюдлить,1
3945,автра,1
3946,упростиливый,1
3947,паспортеприч,1
3948,доковтак,1
3949,гардт,2
3950,транслитерацияхотя,1
3951,хардт,1
3952,гейнея,1
3953,помнять,1
3954,приказмоожный,1
3955,идеезнать,1
3956,пробле,1
3957,консульствепомогать,1
3958,ккпотому,1
3959,всехконсульство,1
3960,одниприказ,1
3961,паспортеshmidt,1
3962,sorgeтый,1
3963,законделать,1
3964,наменсэндерунг,2
3965,достаточнокакий,1
3966,длля,1
3967,напсиатьва,1
3968,оставитьвота,1
3969,приказався,1
3970,рукахть,1
3971,годатот,1
3972,фсм,1
3973,прошлоно,1
3974,месяцевз,1
3975,докиести,1
3976,первуюстраница,1
3977,маесамый,1
3978,вберлин,1
3979,несколкьо,1
3980,объявлениесдать,1
3981,тиргартен,1
3982,тхл,1
3983,бойсельштрасса,1
3984,пренцть,1
3985,алекасандрплатц,1
3986,ветряночное,1
3987,скыть,1
3988,нетвсё,1
3989,германиичасто,1
3990,изолируютно,1
3991,лучшеу,1
3992,перинаталя,1
3993,несколькомесячный,1
3994,кварцуют,1
3995,чсто,1
3996,ротовирус,1
3997,имунный,1
3998,кз,1
3999,проинформароваться,1
4000,незверский,1
4001,грузинскть,1
4002,грузыновый,1
4003,большэ,1
4004,франкурт,1
4005,тестил,1
4006,тестить,1
4007,потестить,1
4008,едальний,2
4009,дадададададад,1
4010,межевропейский,1
4011,саслуга,1
4012,проинформироваться,1
4013,аусландсеместр,1
4014,стипндия,1
4015,кажный,1
4016,эрасмуса,2
4017,пользительный,1
4018,рехнунг,3
4019,манкостный,7
4020,икассо,1
4021,процентик,1
4022,насильный,1
4023,подвать,1
4024,инкасса,1
4025,цепямиекатерин,1
4026,учжебный,1
4027,учитьс,1
4028,нельзядеть,1
4029,спасибка,1
4030,shopingстрать,1
4031,гооглый,1
4032,дваждыnotebooksbilliger,1
4033,deотзыв,1
4034,перелформлять,1
4035,мюнхина,1
4036,второмлишний,1
4037,аузвайза,1
4038,аусвайза,1
4039,дютик,2
4040,дьютя,3
4041,нашелъ,1
4042,дьютик,1
4043,килепитша,1
4044,хорошописать,1
4045,вкурсеэтый,1
4046,литруха,1
4047,нерегламентировать,2
4048,приезнаться,1
4049,херра,2
4050,скопипастить,1
4051,похранить,1
4052,кляйнанцайга,1
4053,подверждать,1
4054,соотвествовать,2
4055,деьги,1
4056,копиюнемецкий,1
4057,домент,1
4058,небенвонзитц,1
4059,правла,1
4060,рукописаный,1
4061,грузитьeinladen,1
4062,warmпо,1
4063,двухспальная,1
4064,столспасибо,1
4065,чпасибо,1
4066,діть,1
4067,попенгаген,1
4068,сивить,3
4069,нидерзаксен,1
4070,защитывать,1
4071,проданофэнни,1
4072,флэгга,2
4073,проданоша,1
4074,лакло,2
4075,проданопаветь,1
4076,санаесть,2
4077,проданогерман,1
4078,бронт,2
4079,проданопауло,1
4080,проданолагин,1
4081,проданопо,1
4082,полуторагодовалый,1
4083,прощлого,1
4084,вклеть,1
4085,жепотому,1
4086,берлицо,1
4087,вышесказнный,1
4088,растолмачить,1
4089,индивидаульный,1
4090,шоппинговый,1
4091,выставлиться,1
4092,начиануться,1
4093,нра,1
4094,мужненой,1
4095,кунстхалл,1
4096,набросочок,1
4097,мулёвочка,1
4098,ченить,1
4099,детмольд,1
4100,вибирали,1
4101,давольный,1
4102,мылый,1
4103,предлогать,1
4104,фолия,1
4105,dдумать,1
4106,джорманя,1
4107,стелаж,1
4108,собереться,1
4109,йойспасибо,1
4110,естъ,1
4111,раскудрить,1
4112,поздрвлять,1
4113,скушной,1
4114,ивента,1
4115,ханновера,1
4116,искренея,1
4117,тады,1
4118,__бесплатно__,1
4119,сдадутоха,1
4120,даочнуться,1
4121,людимиро,1
4122,визеискать,1
4123,спрашиваетaktzeptieren,1
4124,распрастраненный,1
4125,понемай,1
4126,деньгис,2
4127,ирисковать,1
4128,потребоватьденега,1
4129,текстик,1
4130,стрёмаяться,1
4131,дурнопахнуть,1
4132,нахнама,1
4133,возбухать,1
4134,месяцевчто,1
4135,чуров,2
4136,разререшить,1
4137,биллютенить,2
4138,сломалсябюллетень,1
4139,постоянка,1
4140,биопаспорт,2
4141,датуtermin,1
4142,deести,1
4143,вашейпаспорт,1
4144,отбираютфото,1
4145,нужноменьше,1
4146,напмсаноести,1
4147,немецёкий,1
4148,российскихдокумент,1
4149,изменитьнапример,1
4150,schmidtвместо,1
4151,митфару,1
4152,смка,1
4153,забавайте,1
4154,приявзян,1
4155,дивайс,2
4156,джентельменский,1
4157,забывчиволсть,1
4158,позноватый,1
4159,менный,1
4160,обзоваться,1
4161,спрособа,1
4162,амтсгерихта,1
4163,процесскостный,1
4164,митфар,1
4165,неоговоренный,3
4166,шторнирование,1
4167,бгб,3
4168,штеллюнгнама,1
4169,ситауции,1
4170,емыло,1
4171,стенить,1
4172,дебетный,1
4173,темуа,1
4174,случаяfielmann,1
4175,аполый,1
4176,прооптик,1
4177,фильманна,1
4178,выбралабесплатный,1
4179,апполый,1
4180,антибликовый,1
4181,противобликовый,1
4182,гелиоматик,1
4183,нультариф,1
4184,филманна,1
4185,rostockма,1
4186,gestattetть,1
4187,стоялоae,1
4188,gestattetпот,1
4189,солжный,1
4190,терминологиизабыть,1
4191,параграфай,1
4192,важнонаписать,1
4193,говоритд,1
4194,параграфый,1
4195,жительствой,1
4196,остальноеа,1
4197,называликогда,1
4198,законеномер,1
4199,называлий,1
4200,поспрашиватие,1
4201,поставять,1
4202,вьездной,1
4203,дальшый,1
4204,ониха,1
4205,черезха,1
4206,неазвисить,2
4207,следовательн,1
4208,пребываение,2
4209,нидерласунг,2
4210,ситауция,1
4211,пребываенний,1
4212,пребыванеие,1
4213,асбурдно,1
4214,почева,1
4215,перееxать,1
4216,мучалася,1
4217,эльстер,3
4218,покупаааать,1
4219,менна,1
4220,пинатс,1
4221,произвольнть,1
4222,приветсвоваться,1
4223,газоприводной,1
4224,зарание,1
4225,мидвайф,1
4226,веселух,1
4227,жеакушерка,1
4228,обзвон,1
4229,полгодапочесть,1
4230,ауфенхальстэрлаубнис,1
4231,грундгебюра,1
4232,пересдаваться,1
4233,откататься,1
4234,пресдавать,1
4235,орднунгсамт,1
4236,безирка,2
4237,оооооочень,1
4238,германвингс,1
4239,прожваният,1
4240,гдебыть,1
4241,месяцеввыписываться,1
4242,местахести,1
4243,вариантчреватый,1
4244,непрописка,1
4245,штрафуетто,1
4246,навтора,1
4247,увидти,1
4248,переxодить,1
4249,везель,1
4250,шютк,1
4251,предложилedited,1
4252,нищебродский,1
4253,варьянт,1
4254,парядок,1
4255,какуюто,1
4256,килоойро,1
4257,сомалия,1
4258,своеметь,1
4259,рпизнать,1
4260,образоя,1
4261,хотитеперехать,1
4262,дипломо,1
4263,хмесячный,1
4264,шпрахкурс,1
4265,курфюстендамма,2
4266,составаить,1
4267,моделек,1
4268,преподователь,1
4269,ламерский,1
4270,залочный,1
4271,пооездка,1
4272,симлка,1
4273,наёбывать,1
4274,фурычать,1
4275,залоченность,1
4276,мелкошрифтный,2
4277,свомь,1
4278,навороченый,1
4279,противоударный,1
4280,шадоу,1
4281,аркадиен,1
4282,кёнигсаллея,1
4283,опупеть,1
4284,совешеннолетний,1
4285,данныхвся,1
4286,социаламт,3
4287,растерянностивдруг,1
4288,сюрреальный,2
4289,богодельня,1
4290,гыыы,1
4291,думалателефонный,1
4292,часана,1
4293,поё,1
4294,последовалоприёмный,1
4295,термим,1
4296,таковогомня,1
4297,ппомнить,1
4298,положенаести,1
4299,осн,1
4300,пойдумна,1
4301,ландсхутский,1
4302,форшусс,2
4303,безбумажка,1
4304,вцелое,1
4305,анмельдунг,1
4306,интересненькоконтрак,1
4307,нетименный,1
4308,контрак,1
4309,небюрократичный,1
4310,бесплатныe,1
4311,скачаный,1
4312,факсучто,1
4313,никакойвсё,1
4314,родаминекоторое,1
4315,торговатьсямыть,1
4316,вконтактеу,1
4317,маськовский,1
4318,смешарик,1
4319,кикорик,1
4320,малоактуально,1
4321,экстримал,1
4322,путие,1
4323,говорорать,1
4324,фриналансер,1
4325,каснуться,1
4326,экспатовскай,1
4327,постуречь,1
4328,изходный,1
4329,самомстоятельный,1
4330,стримовый,1
4331,простомотр,1
4332,подкопирайтный,1
4333,ютю,1
4334,шх,1
4335,просматривальшик,1
4336,поёрничать,1
4337,лохманна,3
4338,виртуал,1
4339,плюсмного,1
4340,жописать,1
4341,фне,1
4342,развлекалов,1
4343,поругиться,1
4344,пообрывать,1
4345,афтара,1
4346,потроллил,1
4347,лохмана,1
4348,хаузмайстер,1
4349,аттест,1
4350,психичесский,1
4351,штоер,1
4352,бератор,1
4353,арбайцамт,1
4354,cвоий,1
4355,перейтие,1
4356,заклчаять,1
4357,всупать,1
